אבא	
רבי אבא	
ר' אבא אבוה דרב בריה דרב משרשיא	
ר' אבא אבוה דר' אבא בר מרי	
ר' אבא אבוה דר' אבא מרי	
אבא אבוה דר' ירמיה בר אבא	
אבא אבוה דר' שמלאי	
אבא אבוה דשמואל	
אבא אומנא	
אבא אושעיא איש טורייא	
רב אבא אחוה דרב בריה דרב משרשיא	
ר' אבא אחוה דר' יהודה בר זבדי	
אבא אלעזר	
אבא אלעזר בן אליעזר בן דולעאי	
אבא אלעזר בן גומל	
אבא אלעזר בן גימל	
אבא אלעזר בן גמלא	
אבא אלעזר בן גמליאל	
אבא אלעזר בן דולעאי	
אבא אנטולי	
אבא אריכא	
אבא ביראה	
אבא בן יוסי	
אבא בנימין	
אבא בר אבא	
אבא בר אבא אבוה דשמואל	
אבא בר אבא בר ממל	
רבי אבא בר אבין	
רבי אבא בר אבינא	
רבי אבא בר אדא	
אבא בר אחא	
אבא בר אחא כרסלא	
אבא בר איבו	
רבי אבא בר אילעי	
ר' אבא בר אלישע	
ר' אבא בר אמי	
רבי אבא בר ביזנא	
אבא בר בנימין	
אבא בר בר חנא	
אבא בר בר חנה	
ר' אבא בר בריה דר' חייא בר אבא	
ר' אבא בר גרשון	
ר' אבא בר המנונא	
רבי אבא בר זבדא	
ר' אבא בר זבדי	
רבי אבא בר זבינא	
ר' אבא בר זוטרא	
אבא בר זימנא	
ר' אבא בר זמינא	
ר' אבא בר זעירא	
רב אבא בר חוניא	
אבא בר חייא	
רבי אבא בר חייא בר אשי	
ר' אבא בר חיננא	
אבא בר חליפיי בר קריי	
אבא בר חמא	
אבא בר חנן	
אבא בר חסדא	
ר' אבא בר טבליי	
ר' אבא בר יהודה	
ר' אבא בר יודן	
ר' אבא בר יוסף	
רב אבא בר יוסף בר רבא	
ר' אבא בר ימינא	
רבי אבא בר יסא	
ר' אבא בר יעקב	
ר' אבא בר יצחק	
ר' אבא בר ירמיה	
ר' אבא בר כהן	
ר' אבא בר כהנא	
ר' אבא בר כהנא בר יודן	
ר' אבא בר לוי	
ר' אבא בר מדיא	
ר' אבא בר מימי	
ר' אבא בר מינא	
ר' אבא בר ממל	
ר' אבא בר מניומי	
ר' אבא בר מריא	
אבא בר מרתא	
ר' אבא בר נגרי	
ר' אבא בר נתן	
ר' אבא בר סיסי	
ר' אבא בר עילאי	
ר' אבא בר פפא	
רבי אבא בר פפי	
אבא בר קוריה	
אבא בר קפרא	
אבא בר רב הונא	
רב אבא בר שומני	
רבי אבא בר שילא	
ר' אבא בר שמואל	
ר' אבא בר תחליפא	
רבי אבא בריה דרב ביבי	
אבא בריה דרב בנימין בר חייא	
אבא בריה דרב מנימין בר חייא	
ר' אבא בריה דרב נחמן	
אבא בריה דרבה בר רב הונא	
רבי אבא בריה דרבי חייא בר אבא	
ר' אבא בריה דר' יוסי בן חלפתא	
ר' אבא בר' זירא	
אבא גוריא	
אבא גוריין איש צדיין	
רבי אבא דמן חיפא	
רבי אבא דמן כיפה	
ר' אבא דמן כיפה	
רבי אבא דמן עכו	
רבי אבא דמן קיסרי	
רבי אבא האדומי	
אבא הדורש	
רב אבא הונא הכהן בר אבין	
אבא הושעיא איש טרייא	
רבי אבא הכהן	
ר' אבא הכהן בר פפא	
ר' אבא הכהן בר' אליעזר	
רבי אבא זוטי	
אבא חילפא בן קרויא	
אבא חליפא קרויא	
אבא חלפי	
אבא חלפתא	
אבא חלפתא איש כפר חנניא	
אבא חלקיה	
אבא חלקיה מן קרויה	
אבא חנן	
רבי אבא חסידא	
אבא יהודה	
אבא יודן	
אבא יודן איש ציידן	
אבא יוסי	
אבא יוסי בן אבא	
אבא יוסי בן דוסאי	
אבא יוסי בן דוסתאי	
אבא יוסי בן חנין	
אבא יוסי בן חנן	
אבא יוסי בן יוחנן	
אבא יוסי בן יוחנן איש יוני	
אבא יוסי בן יוחנן איש ינוח	
אבא יוסי בן יוחנן איש ירושלים	
אבא יוסי בן סימאי	
אבא יוסי בן קטנותא	
אבא יוסי בר חנן	
אבא יוסי המחוזי	
אבא יוסי התורתי	
אבא יוסי חלי קופרי איש טבעון	
אבא יוסי חנן איש יוני	
אבא יוסף בן דוסתאי	
אבא יוסף הבנאי	
אבא יוסף החורני	
אבא ירמיה	
אבא כהן בר דלייה	
אבא כהן ברדלא	
אבא מהגרוניא	
אבא מר בר רב אשי	
אבא מר בריה דרב פפא	
ר' אבא מרומניא	
אבא מרי	
ר' אבא מרי אחוי דר' יוסי	
ר' אבא מרי בבלייה	
ר' אבא מרי בצלאה	
אבא מרי ריש גלותא	
אבא נהוראי	
ר' אבא סדרונגיא	
ר' אבא סדרוניא	
אבא סוראה	
אבא סימי	
ר' אבא סלא רבא	
ר' אבא סמוקה	
אבא סמוקיד	
ר' אבא סמיקא	
ר' אבא סנגוריא	
אבא סקרא	
ר' אבא סרונגיא	
ר' אבא סרונגלא	
אבא פנימון	
אבא צידוני	
אבא קוריי	
ר' אבא קרתיגנאה	
רבי אבא קרתיגניא	
אבא שאול	
אבא שאול בן אמא מרים	
אבא שאול בן בטנית	
אבא שאול בן חוני	
אבא שאול בן ננס	
אבא שאול בר נש	
אבא שאול גבל דבי רבי	
אבא שאול מבית מרמשא	
אבא תחנא חסידא	
אבא תנחומא	
ר' אבדומא	
ר' אבדומא דמן חיפה	
ר' אבדומא מלחא	
ר' אבדומה דמן נחותא	
רבי אבדומי בר טוביא	
אבדומי המדורי	
אבדומי נחותא	
אבדימא	
רבי אבדימא דציפורין	
ר' אבדימא מלחא	
אבדימוס	
אבדימי	
ר' אבדימי	
ר' אבדימי אחוה דר' יוסי	
ר' אבדימי בר ברתיה דר' טובי	
ר' אבדימי בר המדורא	
ר' אבדימי בר חמא	
ר' אבדימי בר חמא בר חסא	
ר' אבדימי בר חסא	
ר' אבדימי בר טובי	
ר' אבדימי בר נחוניא	
ר' אבדימי בר תנחום	
ר' אבדימי דמן חיפה	
רב אבדימי נחותא	
רבי אבדימס	
אבדן	
אבהו	
רב אבהו	
רבי אבהו	
ר' אבהו בר אחא	
אבהו בר גניבא	
ר' אבהו בר זוטרתי	
ר' אבהו בר זעירא	
ר' אבהו בר חנינא	
ר' אבהו בר כהנא	
רבי אבהו בר נגרי	
אבוברם	
אבודמא	
ר' אבודמא דציפורי	
אבוה	
אבוה בר איהי	
אבוה דבר אבוברם	
אבוה דבר נטה	
אבוה דרב אחא בריה דרב איקא	
רב אבוה דרב משרשיא	
אבוה דרב ספרא	
אבוה דרבי אפטוריקי	
אבוה דר' אבין	
אבוה דר' אושעיה	
אבוה דר' זירא	
אבוה דשמואל	
אבוה דשמואל בר אבין	
אבוה דשמואל בר יצחק	
אבויה	
"אבויה דר""ש	"
אבון	
רבי אבון בר ביסנא	
ר' אבון בר חייא	
אבון בר חסדאי	
רבי אבון הלוי	
אבונא	
ר' אבונא בר סחורה	
רבי אבונא ספרא	
רבי אבונה בר סחורה	
רבי אבונה זעירא	
אבורודימוס	
אבטולומוס	
אבטולומוס בר ראובן	
אבטולוס	
ר' אבטולוס בן ראובן	
רבי אבטולוס הזקן	
רבי אבטילס	
אבטליון	
אבי רודימס	
אביבי סנוותאה	
אבידן	
ר' אביה	
ר' אביטול ספרא	
אביי	
ר' אביי	
אביי בי רבי בנימין	
אביי בר אבא	
אביי בר אבין	
אביי בר בנימין	
אביי בר הונא	
אביי בר נאזי	
אביי בר רבין	
אביי בריה דר' אבהו	
אביי קשישא	
רב אבייא	
אבימוס	
אבימי	
אבימי אחוי דחיפא	
ר' אבימי בר טובי	
אבימי בר נאזי	
אבימי בר פפי	
אבימי בר רחבה מפומבדיתא	
אבימי בריה דר' אבהו	
אבימי דמן חבריא	
אבימי מבי חוזאי	
אבימי מהגרוניא	
אבימי נותאה	
אבימי סנוותאה	
אבין	
ר' אבין אביו דר' אבין הלוי	
רבי אבין איש נחום	
אבין בר בנימין	
אבין בר הונא	
ר' אבין בר זוטרתי	
ר' אבין בר חייא	
ר' אבין בר חנין	
ר' אבין בר כהן	
ר' אבין בר כהנא	
ר' אבין בר רב אדא	
ר' אבין בר רב אחא	
ר' אבין בר ר' אלעזר	
רבי אבין בר שבא	
ר' אבין בריה דר' תנחום בר טרפון	
אבין דמן נשיקיא	
ר' אבין הלוי	
ר' אבין הלוי בר חמא	
ר' אבין זוטרתי	
רב אבין נגרא	
אבין צפיראה	
אבין רמאה	
אבין תבלא	
אבין תורן	
ר' אבינא	
אבירודימוס	
אביתר	
רבי אבמכיס	
אבמרי	
ר' אבמרי אחוי דרבי יוסי	
אבסקטא	
אבסקנטה	
אברם חוזאה	
רבי אבשלום הזקן	
אגרא	
רב אדא	
ר' אדא	
'רב אדא א	
רבי אדא בי ר' שמעון	
ר' אדא בר אבא	
ר' אדא בר אבוה	
רב אדא בר אבימי	
רב אדא בר אבין	
רב אדא בר אהבה	
ר' אדא בר אהבה	
אדא בר אוכמי	
רב אדא בר אחא	
ר' אדא בר אחא	
רב אדא בר אחוה דר' יהודה	
רב אדא בר איכומה	
אדא בר בר חנא	
אדא בר גרשון	
אדא בר זבדא	
אדא בר חבו	
רב אדא בר חמא	
רב אדא בר מניומי	
רב אדא בר מתנא	
רב אדא בר מתנה	
רב אדא בר נתן	
רב אדא בר עזא	
רבי אדא בר פפא	
רב אדא בר שימי	
רבי אדא בר תחליפא	
רב אדא ברבי חנינא	
רב אדא בריה דרב אויא	
רב אדא בריה דרב איקא	
רב אדא בריה דרב יצחק	
רב אדא בריה דרבא	
רבי אדא דחוטרא	
אדא דיילא	
רבי אדא דמן יפו	
ר' אדא דמן קיסרי	
רב אדא מבי כלוחית	
רב אדא מסורא	
אדא מרי	
רב אדא משוחאה	
רב אדא נרשאה	
רב אדא סבא	
אדא ציידא	
רב אדא קרחינאה	
אדא שמשא	
ר' אדאי	
רב אדומה נחותה	
ר' אדימי בר המדורא	
אדמון	
ר' אהבה בר זעירא	
רב אהבה בר כהנא	
אהבה בריה דרבי זירא	
רב אהילאי	
רב אהרון	
רב אויא	
'רב אויא סבא א	
'רב אויא סבא ב	
אוירא סבא	
רב אוירא סבא	
אולפנא	
און בר אמי	
ר' אוניא	
אונקלוס	
אונקלוס בר קלונימוס	
ר' אורי	
רב אושעיא	
רבי אושעיא	
רבי אושעיא בנו של רבי יהודה הבשם	
רבי אושעיא בנו של ר' חמא בר ביסא	
רבי אושעיא בר אבא	
אושעיא בר זבדא	
ר' אושעיא בר חייא	
רבי אושעיא בר שימי	
רבי אושעיא בריבי	
אושעיא זעירא דמן חבריא	
רבי אושעיא תורגמא	
רב אושעיה	
אחא	
רב אחא	
רבי אחא	
ר' אחא	
רב אחא אחוה דמר אחאי	
רב אחא אריכא	
רב אחא בר אבא	
ר' אחא בר אבא בר אחא	
רב אחא בר אביי	
רבי אחא בר אבין בר בנימין	
רב אחא בר אדא	
רב אחא בר אהבה	
רב אחא בר אושעיא	
רב אחא בר אחווא	
רב אחא בר אילא	
רב אחא בר אלישיב	
אחא בר ביבי מר	
רב אחא בר ביזנא	
ר' אחא בר גמדא	
ר' אחא בר זבינא	
רב אחא בר זעירא	
רבי אחא בר חיננא	
ר' אחא בר חנא	
רבי אחא בר חנינא	
ר' אחא בר יאשיה	
רב אחא בר יוסף	
אחא בר יעקב	
רבי אחא בר יצחק	
ר' אחא בר לא	
רב אחא בר מניומי	
רב אחא בר נתן	
ר' אחא בר סימון	
רב אחא בר עויא	
רב אחא בר עוירא	
ר' אחא בר עולא	
רב אחא בר עזא	
רב אחא בר עילא	
אחא בר פנחס	
רב אחא בר פפא	
רב אחא בר פפי	
רב אחא בר רב	
אחא בר רב הונא	
רב אחא בר רב הונא	
רב אחא בר רב חנה	
רב אחא בר רב עוא	
רב אחא בר רב עויא	
רב אחא בר רב קטינה	
רב אחא בר רבינא	
אחא בר שילא איש כפר תמרתא	
רב אחא בר שישא	
רב אחא בר תחליפא	
רב אחא ברדלא	
רב אחא בריה דרב אויא	
רב אחא בריה דרב אחא	
רב אחא בריה דרב איקא	
רב אחא בריה דרב אמי	
רב אחא בריה דרב אשי	
רב אחא בריה דרב חייא	
רב אחא בריה דרב יוסף	
רב אחא בריה דרב ייבא	
רב אחא בריה דרב נחמן	
רב אחא בריה דרבא	
ר' אחא בריה דרבה	
ר' אחא בריה דר' בא בר ממל	
רב אחא בריה דר' חייא בר אבא	
רב אחא גלילאה	
אחא כרסלא	
רב אחא מבי חוזאה	
רב אחא מבי חתים	
רב אחא מגדלאה	
רב אחא מדפתי	
רב אחא מהוצל	
רב אחא מפרזקיא	
רב אחא סבא	
רב אחא קרחינאה	
רב אחא קרטיגנאה	
ר' אחא רובא	
רבי אחא שר הבירא	
רב אחאי	
ר' אחאי	
ר' אחאי בר יעקב	
ר' אחאי בריבי	
רב אחדבוי	
רב אחדבוי אחוי דמר אחא	
רב אחדבוי בר אמי	
רב אחדבוי בר רב מתנה	
רב אחו בר אהבה	
אחוה בר זעירא	
אחוה דבר אבוברם	
ר' אחווא בר' זירא	
ר' אחווה	
אחי	
רב אחי	
רבי אחי	
ר' אחי	
ר' אחי בר חנינא	
אחי בר יאשיה	
אחי שקיא	
רבי אחיא	
אחיה	
רב אחיי בר אדא	
ר' אחייא בר אבא	
רבי אחייה	
אחייה בר זעירא	
ר' אחייה בר' זירא	
רב אחלי	
אחר	
אחרים	
איבו	
רבי איבו	
ר' איבו בר אגרא	
ר' איבו בר כהנא	
רבי איבו בר נגרי	
איבות בר איהי	
רב אידאי	
רב אידי	
רב אידי אבוה דרבי יעקב בר אידי	
רב אידי בר אבין	
רב אידי בר אידי בר גרשם	
ר' אידי בר גרשום	
אידי בר יעקב	
רב אידי בר שימי	
רב אידי בר שישא	
ר' אידי בר שמעון	
רב אידי בריה דרב איקא	
רבי אידי דחוטריה	
ר' אידי דקיסרין	
רב אידי סרסיה	
רב אידית	
איו	
אייבו	
רבי אייבו בר נגרי	
ר' אייבון	
רבי אייניא בן פזי	
אילא	
ר' אילא	
ר' אילא בריה דרב שמואל בר מרתא	
ר' אילאי דנציבין	
ר' אילם	
ר' אילעא בר יברכיה	
איסור גיורא	
איסי	
איסי אחוה דרבי זירא	
איסי בן גור אריה	
איסי בן גמליאל	
איסי בן יהודה	
איסי בן יעקב	
איסי בן מהללאל	
איסי בן מנחם	
איסי בן עזאי	
איסי בן עקביה	
איסי בן שימי	
איסי בן שמאי	
איסי בר היני	
איסי בר נתן	
איסי בריה דרב יצחק בריה דרב יהודה	
ר' איסי דקיסרין	
איפה	
רב איקא	
רב איקא בר אבין	
רב איקא בר חנינא	
רב איקא בריה דרב אידי	
רב איקא בריה דרב אמי	
רב איקא מפשרוניא	
ר' איתי	
ר' אלאי היורש	
ר' אלוני בר טברי	
ר' אליהו	
ר' אליהועיני	
אליעזר	
רבי אליעזר	
ר' אליעזר אבוי דר' יצחק בר נחמן	
אליעזר איש ביריא	
אליעזר בן גימל	
רבי אליעזר בן דהבאי	
רבי אליעזר בן הורקנוס	
רבי אליעזר בן חלפתא	
אליעזר בן חנוך	
אליעזר בן יהודה איש איבלים	
'רב אליעזר בן יעקב א	
'רבי אליעזר בן יעקב ב	
רבי אליעזר בן פיאבי	
רבי אליעזר בן פילא	
רבי אליעזר בן שמעיה איש כפר אותני	
אליעזר בר יוסי	
רבי אליעזר ניותאה	
רב אליקים	
אלישיב	
אלישע בן אבויה	
אלישע בעל כנפים	
ר' אלכסא	
אלכסנדר	
ר' אלכסנדר	
ר' אלכסנדרא	
רבי אלכסנדרי	
ר' אלכסנדרי בר הדרין	
ר' אלכסנדרי בר חגאי	
ר' אלכסנדרי בר חגרי	
ר' אלכסנדרי קרובה	
ר' אלכסנדריא דצדוקא	
ר' אלעא הזקן	
רבי אלעאי	
ר' אלעאי בן אלעזר	
ר' אלעאי בר ברכיה	
ר' אלעאי בר מנחם	
ר' אלעאי בר שמעיה	
ר' אלעאי הזקן	
אלעזר	
רבי אלעזר	
אלעזר איש בירתא	
ר' אלעזר איש ברתות	
ר' אלעזר בוצראה	
"ר' אלעזר בי ר""ש	"
אלעזר בן אהווי	
אלעזר בן אחוי	
רבי אלעזר בן אחוי	
ר' אלעזר בן אנטיגנוס	
רבי אלעזר בן דגלאי	
רבי אלעזר בן דורדיא	
רבי אלעזר בן דלגוי	
אלעזר בן דמא	
רבי אלעזר בן הקפר	
רבי אלעזר בן זמרא	
ר' אלעזר בן חגייא	
אלעזר בן חנך	
אלעזר בן חנניה בן חזקיה בן גרון	
רבי אלעזר בן חסמא	
ר' אלעזר בן חרסום	
רבי אלעזר בן יהודה	
אלעזר בן יהודה איש אבלים	
אלעזר בן יהודה איש איבלייס	
רבי אלעזר בן יהודה איש ברתותא	
אלעזר בן יהודה איש כפר אובלון	
רבי אלעזר בן יצחק איש כפר דרום	
ר' אלעזר בן ירמיה	
ר' אלעזר בן מהבאי	
רבי אלעזר בן מתיא	
רבי אלעזר בן עזריה	
אלעזר בן ערך	
רבי אלעזר בן פדת	
רבי אלעזר בן פנחס	
ר' אלעזר בן פרטא	
רבי אלעזר בן צדוק	
רבי אלעזר בן שמוע	
רבי אלעזר בן תדאי	
רבי אלעזר בן תרדיון	
רבי אלעזר בנו של רבי אלעזר הקפר	
רבי אלעזר בנו של רבי יוסי הגלילי	
ר' אלעזר בר אבין	
ר' אלעזר בר אבינא	
רבי אלעזר בר אושעיא	
רבי אלעזר בר ביסנא	
ר' אלעזר בר ברכיה	
ר' אלעזר בר חנינא	
רבי אלעזר בר יוסי	
רבי אלעזר בר יוסף	
רבי אלעזר בר ינאי	
ר' אלעזר בר ישמעאל	
רבי אלעזר בר מלאי	
רבי אלעזר בר מנחם	
ר' אלעזר בר מניומי	
רבי אלעזר בר מרון	
רבי אלעזר בר מרים	
ר' אלעזר בר מרינוס	
ר' אלעזר בר סימון	
רבי אלעזר בר צדוק	
רבי אלעזר בר שמעון	
ר' אלעזר בר' יוסי בן זמרא	
ר' אלעזר בר' יצחק	
ר' אלעזר בר' סימאי	
ר' אלעזר דמן ננוה	
רבי אלעזר דמן רומא	
רבי אלעזר דרומה	
רבי אלעזר דרומייא	
רבי אלעזר המודעי	
ר' אלעזר הקליר	
רבי אלעזר הקפר	
רבי אלעזר הקפר בריבי	
אלעזר זעירא	
רבי אלעזר חסמא	
ר' אלעזר חרסנה	
רב אלעזר מהגרוניא	
אלעזר ספרא	
ר' אלעשא	
אמוראי דנהרדעא	
אמי	
רבי אמי	
רבי אמי אבוה דרבי אבדימא דציפורן	
אמי אבוה דשמואל בר אמי	
רבי אמי אסי	
רב אמי בבליא	
ר' אמי בר אבא	
ר' אמי בר אבין	
רב אמי בר אדא הרפנאה	
רב אמי בר אהבה	
רב אמי בר דיקולי	
רב אמי בר חייא	
רב אמי בר חמא	
ר' אמי בר טביומי	
ר' אמי בר טובי	
ר' אמי בר יחזקאל	
רב אמי בר מתנה	
רבי אמי בר נתן	
רבי אמי בר עוקבא	
ר' אמי בר פפי	
ר' אמי בר קרחה	
רב אמי בר שמואל	
אמי ורדינאה	
ר' אמי חתנו דר' יונה	
אמי שפיר נאה	
אמי תנורא	
אמימר	
רב אמימר בר מר ינוקא	
אנטונינוס	
רבי אנטיגנוס	
אנטיגנוס איש סוכו	
ר' אנייני בן סוסיי	
רבי אנינייא בר סיסי	
אנן בר אימא	
רבי אסא	
אסא בן עקיבא	
רב אסי	
רבי אסי	
רבי אסי בן שאול	
רבי אסי בר אבא	
ר' אסי בר היני	
ר' אסי בר חייא	
ר' אסי בר חמא	
ר' אסי בר חנינא	
רב אסי בר ממל	
ר' אסי בר מתיא	
רב אסי בר נתן	
'רב אסי ג	
רב אסי דהוצל	
ר' אסי מנהרביל	
רבי אפטוריקי	
רבי אפס	
אפקולוס	
אפרא הורמיז	
אפרים	
אפרים מקשאה	
אפרים ספרא	
אריוך	
אריוס	
ר' אריסטי	
רבי ארמניא	
רב אשי	
רב אשי בר אבין	
רב אשי מאויריא	
רב אשי מהוצל	
'אשיאן א	
אשיאן בר נידבך	
'רב אשיאן ב	
רב אשייאן בר יקום	
אשייאן בר נידבה	
אשייאן נגרא	
רבי אשיין	
ר' אתי	
"'א""ר יוסי בר	"
ר' בא	
רבי בא בר בינא	
רבי בא בר בינה	
רבי בא בר חונא	
רבי בא בר חייא בר אשי	
רבי בא בריה דרבי חייא בר יוא	
באלי	
בבא בן בוטא	
בג בג	
ר' בדלה	
בהא	
רב בודיא	
בוהיין	
ר' בוטא	
בוטנית בריה דאבא שאול בן בוטנית	
ר' בולאטה	
ר' בון	
בונה בר שילא	
בוני	
בונייס בן בונייס	
בונים בן נונים	
רבי בוסנא	
רב בוריא	
רבי בורקי	
ר' בזירה	
ר' ביבא	
ר' ביבא אבא	
ר' ביבא בר אחא	
ר' ביבא בר זבדא	
רב ביבא בריה דר' אבא	
ר' ביבא סנגוריא	
ר' ביבא רבה	
ר' ביבון	
ר' ביבון בר חייא	
'רבי ביבי א	
רב ביבי בר אביי	
רב ביבי בר אבין	
רב ביבי בר אבינא	
רב ביבי בר אשי	
רב ביבי בר ביזנא	
ביבי בר גוזלון	
ר' ביבי בר גוזלן	
ר' ביבי בר חייא	
ר' ביבי בר כהנא	
ר' ביבי בריה דר' אמי	
'רבי ביבי ב	
ר' ביבי מרגניא	
ר' ביבי מרנגיא	
ר' ביבי רבה	
ר' ביבן	
ר' ביזנא בר זבדא	
ביטנית בריה דאבא שאול בן ביטנית	
ר' בייתוס	
'בייתוס בן זונין א	
'בייתוס בן זונין ב	
בינה	
רבי בינה	
רבי ביסא	
ר' ביסנא	
בירא	
ביראה	
ר' בירי	
ביריי	
ביריים	
ר' בירייס	
בית אבטינוס	
בית בייתוס	
בית גרמו	
ביתוס בר זונין	
בלוויטי	
בלצא	
בן אבטיח	
בן אחייה	
בן אטיטם	
בן אילם	
בן אלעשה	
בן אנטיגנוס	
בן אנטינוס	
בן ארזה	
בן בבי	
בן בג בג	
בן בוהיין	
בן בוכרי	
בן בטיח	
בן ביבאי	
בן ביבי	
בן בנו של זכריה בן קבוטל	
בן בתירא	
בן גבר	
בן גמלא	
בן דופאי	
בן דורתאי	
בן דמה	
בן הא הא	
בן הסגן	
בן הקפר	
בן הרכינס	
בן זומא	
'בן זכאי א	
'בן זכאי ב	
בן חכינאי	
בן טוטפת	
בן יאסין	
בן יהוצדק	
בן כוברי	
בן כוזיבא	
בן כלבא שבוע	
בן מארא	
בן מביא יין	
בן מעדיה	
רבי בן מעדיה	
בן מקליט	
בן נזירא	
בן ננס	
בן סירא	
בן עזאי	
בן פדת	
בן פזי	
בן פטורא	
בן פלח	
בן ציצית הכסת	
בן קופיא	
בן קטין	
בן ריפאי	
בן שלקות	
בן תימא	
רבי בנאה	
ר' בנאה בריה דר' עולא	
רבי בנאי אחוה דר' חייא בר אבא	
בני בתירא	
בני רחבה	
ר' בניי	
ר' בנייה	
בנימין	
רבי בנימין	
בנימין בר איהי	
בנימין בר אשתור	
רבי בנימין בר גידל	
ר' בנימין בר חייא	
בנימין בר יפת	
רבי בנימין בר לוי	
בנימין גנוביא	
בנימין גר מצרי	
בנימין הצדיק	
בנימין רעיא	
בנן של קדושים	
ר' בצלאל	
בר אבוה	
בר אבין	
בר אדא בר אחוה דר' יהודה	
בר אדא מרי	
בר אדא משחאה	
בר אדא סבולאה	
בר אהינא	
בר אושפזתי	
בר אלנתן	
בר ביבי בר גידל	
בר הדיא	
'בר הדיא א	
בר הי הי	
בר הידיא	
בר הינך	
בר המדודי	
בר המדורי	
בר זעירא	
בר חבו	
בר חוטא	
בר חוניא	
בר חטייא	
בר טברי	
בר טירא	
בר יודני	
בר ינטה	
בר ישיטה	
בר כדה	
בר כוזבה	
בר כוכבא	
בר כרא	
בר לוליתא	
'בר ליואי א	
'בר ליואי ב	
בר לקיש	
בר מריון	
בר מרינא	
בר נטוזא	
בר נטיזא	
בר נפחא	
בר נתן	
בר נתן אסיא	
בר סירא	
בר עולא	
בר עיטיין	
בר פאטי	
בר פדא	
בר פדייה	
בר פחתי	
בר פיולי	
בר פיקא	
בר פתייא	
בר קזא	
בר קיפוף	
רבי בר קיריא	
בר קפרא	
"בר רב זביד אחוה דר""ש בר ר' זביד	"
בר רחומי	
רב בר שבא	
בר שלמיא ספרא	
בר שפיר	
רב בר שרביא	
בר תוטני	
ברדלא	
רב ברדלא בר טביומי	
ברוך רבו דרבי יהודה בר אלעאי	
רב ברונא	
ר' ברוקא	
ר' ברוקא חוזאה	
ר' ברוקאי	
ברוריה	
בריבי	
בריה דרב אידי בר אבין	
בריה דרב זוטרא בריה דרב זירא	
בריה דרב זוטרא בריה דרב זעירא	
רב בריה דשמואל	
רבי ברייס	
רבי ברכיה	
ר' ברכיה בר אבא בר כהנא	
ר' ברכיה בר אבוה	
ר' ברכיה בר חייא הכהן	
ר' ברכיה בר חמא הכהן	
ר' ברכיה בר חנינא בר איקא	
"ר' ברכיה בר יהודה ב""ר סימון	"
ר' ברכיה בר יעקב בר בת יעקב	
ר' ברכיה בר יצחק	
ר' ברכיה בר סימון	
ר' ברכיה בר' חלבו	
ר' ברכיה הכהן	
ר' ברכיה סבא	
ברקא	
בתא	
בתירא	
גביהא בן פסיסא	
רב גביהא מארגיזא	
רב גביהה מבי כתיל	
גבילה	
גביני	
גביעה בן קוסם	
רב גדא	
רב גדל	
גוריא בר חמא	
ר' גוריון	
גוריון בן אסטיון	
גוריון מאספורק	
גורסק בר דרי	
רב גזא	
ר' גידול	
גידול בר מיניימון	
גידול בר רעילאי	
רב גידל	
רב גידל בר בנימין	
גידל בר מניומי	
רב גידל בר מנשה מבירי דנרש	
רב גידל בר מנשיא	
רב גידל דמן נרש	
רב גמדא	
גמליאל	
רבי גמליאל בי רבי אבינה	
גמליאל בי רבי ליאני	
ר' גמליאל בן אינינוא	
רבי גמליאל בר אניא	
ר' גמליאל בר ר' אלעאי	
רבן גמליאל ברבי	
רבן גמליאל ברבי איניונא	
ר' גמליאל ברבי חנינא	
ר' גמליאל בר' איניוני	
גמליאל דקונתיה	
גמליאל זוגא	
גניבא	
ר' גרשום	
ר' דוסא	
ר' דוסא בן ארכינס	
דוסא בן הורכניס	
ר' דוסא בן טבת	
ר' דוסא בר חנינא	
ר' דוסא ממלחיא	
דוסאי	
ר' דוסי סבא	
ר' דוסתאי	
דוסתאי אבוה דר' אפטוריקי	
דוסתאי איש כפר איתמה	
דוסתאי איש כפר יתמה	
ר' דוסתאי בר יהודה	
ר' דוסתאי בר ינאי	
ר' דוסתאי בר מתון	
ר' דוסתאי דמן בירי	
ר' דוסתאי מבי ישבב	
ר' דוסתאי מן כוכבא	
דוסתאי סבא	
ר' דוסתאי סבא	
דורתאי	
דייני ארץ ישראל	
דייני גולה	
דייני גזירות	
דייני דנהרדעא	
דייני דפומבדיתא	
דייני דציפורי	
דייני דקיסרי	
רב דימי	
רב דימי אחוה דרב ספרא	
רב דימי בר אבא	
רב דימי בר חיננא	
רב דימי בר חמא	
ר' דימי בר חמא	
רב דימי בר יוסף	
רב דימי בר יצחק	
רב דימי בר ליואי	
דימי בר שישנא	
רב דימי בריה דרב הונא מדמהוריא	
רב דימי בריה דרב נחמן בריה דרב יוסף	
רב דימי דמן חיפא	
רב דימי מנהרדעא	
רב דניאל בר רב קטינא	
דניאל חייטא	
דנין לפני חכמים	
דרו בר פפא	
דרומאי	
ר' דרומי	
רבי דרוסא	
רבי דרוסי	
רבי דרוסתאי	
ההוא מרבנן ורבי יעקב שמיה	
הון בריה דרב נחמן	
רב הונא	
רב הונא אביו של זעירא הכהן	
רב הונא אביו של ר' אחא	
רב הונא בבלאה	
רב הונא בר אבא	
רב הונא בר אבין	
רב הונא בר אדא	
רב הונא בר אויא	
רב הונא בר אחא	
רב הונא בר אידי	
רב הונא בר אמי	
רב הונא בר אשי	
רב הונא בר ביזנא	
רב הונא בר ברכיה	
רב הונא בר גוריון	
רב הונא בר גניבא	
רב הונא בר חיון	
רב הונא בר חייא	
רב הונא בר חיננא	
רב הונא בר חלוב	
רב הונא בר חלוון	
הונא בר חנינא	
רב הונא בר חנינא	
רב הונא בר יהודה	
רב הונא בר יצחק	
רב הונא בר יקי	
רב הונא בר ירמיה	
רב הונא בר כהנא	
רב הונא בר לואי	
רב הונא בר לוליאני	
רב הונא בר מנוח	
הונא בר מניומי	
רב הונא בר משה בר עצרי	
הונא בר נתן	
רב הונא בר סחורה	
רב הונא בר עוקבא	
רב הונא בר פפא	
ר' הונא בר רב יוסף	
רב הונא בר רב קטינא	
רב הונא בר רב תחליפא	
רב הונא בר תורתא	
הונא בריה דמר זוטרא	
רב הונא בריה דרב אידי	
הונא בריה דרב איקא	
רב הונא בריה דרב הועיא	
רב הונא בריה דרב הושעיא	
רב הונא בריה דרב חייא	
רב הונא בריה דרב יהושע	
רב הונא בריה דרב נחמיה	
הונא בריה דרב נחמן	
רב הונא בריה דרב נתן	
רב הונא בריה דרב עילאי	
רב הונא בריה דרב פנחס	
רב הונא בריה דרב פפי	
רב הונא בריה דרבא	
רב הונא בריה דר' ירמיה בר אבא	
רב הונא בריה דר' שמואל בר נחמני	
רב הונא בר' יוסי	
רב הונא דציפורין	
ר' הונא דשאב	
ר' הונא הכהן	
רב הונא הכהן בר אבין	
רבי הונא הכהן בר אבין	
רב הונא זוטי	
רב הונא מברניש	
רב הונא מדמהריא	
רב הונא מדסקרתא	
רב הונא מסורא	
רב הונא מר בר אויא	
רב הונא מר בר חייא	
הונא מר בר מרימר	
הונא מר בריה דרב אידי	
הונא מר בריה דרבא מפרזיקא	
רב הונא מר בריה דר' נחמיה	
הונא מרי בר מר זוטרא	
רב הונא ספרא דסדרא	
רב הונא צפוראה	
רב הונא רב	
רב הונא רבה	
רב הונא רבה דציפורין	
רב הונא רובא דציפורין	
רב הונא ריש גלותא	
רבי הונדקס	
הורדוס	
ר' הוריינא אחוי דר' שמואל בר סוסרטיי	
רבי הורקנוס	
הורקנוס בנו של רבי אליעזר בן הורקנוס	
הושעיא	
רב הושעיא בר רב יצחק	
רב הושעיא בריה דרב אידי	
ר' הושעיא בריה דר' שמלאי דקיסרין	
רבי הושעיא רבה	
ר' הושעיא תורגמנא	
רבי הושעיה בן לוי	
רבי הושעיה בר שמי	
רב הינך	
הלל	
רב הלל	
הלל אחוה דר' גמליאל זוגא	
רבי הלל בי רב אלם	
רבי הלל בן הליס	
רבי הלל בן פזי	
ר' הלל בר אלס	
ר' הלל בר ברכיה	
ר' הלל בר הילני	
רבי הלל בריה דרבי וולס	
רבי הלל בריה דרבי שמואל בר נחמני	
ר' הלל דכיפרא	
הלל הזקן	
רבי הלל חתניה דר' יוסי בר אבון	
המכריעים לפני חכמים	
רב המנונא	
רב המנונא בריה דרב אדא בר אהבה	
המנונא בריה דרב יוסף	
רב המנונא בריה דרבא מפשרוניא	
'רב המנונא ב	
'רב המנונא ג	
'רב המנונא ד	
רב המנונא זוטא	
רב המנונא זוטי	
רב המנונא סבא	
ר' המנונא סבא	
רב המנונא ספרא	
רבי ווא	
רבי וולוס	
רבי וולס	
ויידא	
ויתור מעונה	
וסטיני	
ורדימס	
זבדא	
זבדא בר לוי	
ר' זבדא חתניה דר' לוי	
רב זבדי	
זבדי בר לוי	
רב זבדי בריה דרבי יעקב בר זבדי	
ר' זבדיה חתניה דר' לוי	
זבולון בן דן	
רב זביד	
רב זביד אבוה דר' שמעון בר זביד	
רב זביד בר' אושעיא	
ר' זביד מנהרדעא	
זבידא	
רבי זבידא	
ר' זבידי חתניה דר' לוי	
זוג	
זוגא	
זוגא דמהדייב	
זוגא דמן הדייב	
רבי זוהמאי	
זווא	
זוזא	
זוטי	
רב זוטי	
רב זוטי דבי רב פפי	
רב זוטרא	
רבי זוטרא	
רב זוטרא בר טוביא	
רב זוטרא בר טוביה	
רב זוטרא בריה דרב זורא	
רב זוטרא בריה דרב מרי	
רב זוטרא בריה דר' זירא	
רב זוטרא בריה דר' זעירא	
זוטרא חסידא	
רב זוטראי	
זונא	
זונין	
רבי זיואי	
זיותאי	
ר' זיכיי	
רבי זילאי	
רבי זינון החזן	
זירא	
רב זירא	
רבי זירא	
רבי זירא בר אדא	
ר' זירא בר ממל	
רבי זירא בר רב	
'רב זירא ב	
רבי זכאי	
רבי זכאי דאלכסנדריאה	
רבי זכאי דכבול	
רבי זכאי דשאב	
זכאי טבחא	
ר' זכאי רבה	
זכיי	
רבי זכיי רבי אלכסנדריה	
רבי זכריה	
רבי זכריה בן אבקולס	
רבי זכריה בן הקצב	
זכריה בן קבוטל	
ר' זכריה חתניה דר' לוי	
ר' זכריה טבחא	
רבי זמינא	
זעיר בן חנינא	
זעירא	
ר' זעירא	
'זעירא א	
רבי זעירא בר אבונא	
רבי זעירא בר בא	
זעירא בר חייא בר אשי	
זעירא בר חיננא	
רבי זעירא בר חמא	
ר' זעירא בר חנינא	
זעירא בר ר' אבהו	
ר' זעירא דכפר ראמין	
זעירא יתמא	
זעירא מדיהבות	
ר' זעירא תנאי	
זעירי	
זקני דרום	
זקני הגליל	
זקנים הראשונים	
ר' זריקא	
ר' זריקן	
ר' זריקן בר חמוי דר' זריקן	
רב חבוניה	
רב חביבא	
רב חביבא בר סורמקי	
רב חביבא בריה דרב יוסף בריה דרבא	
רב חביבא בריה דרבא	
חביבא מחוזנאה	
רב חביבא מסורא דפרת	
חביבי	
רב חגא	
ר' חגאי	
ר' חגי	
ר' חגי בן אלעזר	
רב חגיי	
חגרא אחיו דר' בא בר בינא	
רבי חדקא	
חולפנא	
ר' חונא	
רב חונא בר אדא	
רב חונא בר חייא	
רבי חונא דברת חוורין	
ר' חונא דציפורין	
חונה	
ר' חונה בר חמא	
ר' חונה בר יוסף	
ר' חונה רבה דציפורין	
ר' חוני	
חוני המעגל	
חוני הקטן	
חוניא	
ר' חוניא	
חוניא בן יוסף בן פכסס הכהן	
ר' חוניא בר אלעזר	
ר' חוניא חמוהי דר' אמי	
רבי חוניה דברת חוורין	
ר' חונייא דברת חוורין	
רבי חונייה מברת חוורן	
רבי חוצפית	
רבי חוצפית המתורגמן	
ר' חזאל	
חזקיה	
רבי חזקיה	
ר' חזקיה	
חזקיה אבי עיקש	
חזקיה איש עיקש	
חזקיה בן גרון	
חזקיה בר בילוטו	
ר' חזקיה בר יעקב בר אחא	
ר' חזקיה בר ירמיה	
חזקיה בריבי	
חזקיה בריה דר' חייא	
חזקיה בריה דר' פרנק	
ר' חזקיה חוקוק	
ר' חזקיה עכייה	
רבי חזקיה רבה	
חטיא	
רבי חידקא	
רבי חייא	
רבי חייא אבוי דרבי ברכיה	
ר' חייא אבוי דר' אחא	
רבי חייא איש כפר עכו	
רבי חייא אריכא	
רבי חייא בר אבא	
ר' חייא בר אבא דמן יפו	
ר' חייא בר אבויה	
רב חייא בר אבין	
רב חייא בר אדא	
רבי חייא בר אדא	
רבי חייא בר אחא	
רב חייא בר אמי	
רב חייא בר אסי	
רב חייא בר אשי	
חייא בר בון	
רבי חייא בר ברתיה דר' ברכיה	
ר' חייא בר גוריא	
רב חייא בר גמדא	
ר' חייא בר זבדא	
ר' חייא בר זעירא	
רבי חייא בר זרנוקי	
ר' חייא בר חיננא	
ר' חייא בר טיטס	
רב חייא בר יהודה	
ר' חייא בר יוכי	
ר' חייא בר יוסי	
רב חייא בר יוסף	
ר' חייא בר ינאי	
ר' חייא בר יעקב	
ר' חייא בר כהנא	
רבי חייא בר לוליבא	
רבי חייא בר לולייני	
רבי חייא בר מדייא	
ר' חייא בר ממל	
ר' חייא בר מנחמא	
רבי חייא בר מרייה	
רב חייא בר מתנה	
ר' חייא בר נחמן	
רב חייא בר נחמני	
ר' חייא בר עוקבה	
רב חייא בר עמרם	
חייא בר פפא	
רב חייא בר רב	
ר' חייא בר רב מדיפתי	
ר' חייא בר רבא	
רבי חייא בר ריבי	
רב חייא בר שימי	
רבי חייא ברבי	
רב חייא בריה דאבא בר נחמני	
רב חייא בריה דרב אויא	
רב חייא בריה דרב איקא	
רב חייא בריה דרב הונא	
רב חייא בריה דרב ייבא	
רב חייא בריה דרב יצחק	
רב חייא בריה דרב נחמן	
רב חייא בריה דרב נתן	
ר' חייא בריה דרב פפי	
רב חייא בריה דרבה בר נחמני	
ר' חייא בריה דרבי חייא בר נחמני	
רבי חייא בריה דר' אדא דיפו	
ר' חייא בריה דר' יוסי	
חייא בריה דר' יצחק עטושיא	
ר' חייא בריה דר' שבת	
ר' חייא דכפר תחומין	
רבי חייא הגדול	
ר' חייא מאבל ערב	
רב חייא מהורמיז ארדשיד	
רב חייא מוסתניא	
ר' חייא מיוסתיניא	
רב חייא פרוואה	
רבי חייא ציפוראה	
ר' חייא קטוספאה	
ר' חייא קרא	
רבי חייא רבה	
רב חייא רובא	
רבי חייא רובא בר לוליתא	
ר' חייה	
רבי חייה בר לוליינו	
ר' חייה בר שיבתיי	
חילפא בר אגרא	
חילפא בר אידי	
ר' חילפא דרומיה	
חילפי בר אידי	
חילפיי	
ר' חילפיי בר בריה דר' אבהו	
רב חינא	
רב חיננא	
ר' חיננא	
ר' חיננא אבוה דבר ישיטה	
ר' חיננא אבוה דר' ינטה	
ר' חיננא בי רבי חנניה	
רב חיננא בר אבא	
רב חיננא בר אידי	
ר' חיננא בר אנדריי	
רב חיננא בר ביסנא	
רב חיננא בר חייא	
רב חיננא בר יהודה	
ר' חיננא בר יצחק	
ר' חיננא בר כהנא	
רב חיננא בר שילת	
רב חיננא בר שלמיא	
חיננא בר שלמיה	
רב חיננא בריה דרב איקא	
ר' חיננא בריה דרב אסי בר ממל	
רב חיננא בריה דרבא מפשרוניא	
ר' חיננא בריה דר' אסי	
ר' חיננא בריה דר' הלל	
רב חיננא בריה דר' יהושע	
רב חיננא וורדאן	
ר' חיננא חברה דרבנן	
רב חיננא מסורא	
רב חיננא סבא	
ר' חיננא קרת חייה	
ר' חיננא קרתיגנאה	
חיפא	
ר' חכינאי	
רבי חלבו	
ר' חלבו בקרוייה	
ר' חלבו בר חונה	
ר' חלבו בר חילפא בר סמקאי	
ר' חלבו בר חנן	
ר' חליפי בר זטרי	
חלפא בר אידי	
רבי חלפו בר זביד	
ר' חלפון	
חלפי בר זביד	
רבי חלפתא	
ר' חלפתא איש כפר חנניה	
ר' חלפתא בן קוינא	
רבי חלפתא בן שאול	
ר' חלפתא בר כהנא	
רבי חלפתא ברבי יוסי	
רבי חלפתא דמן הוה	
רבי חלפתא דמן הונא	
רבי חלפתא דמן חיפא	
ר' חלפתא קסריא	
רבי חלקיה	
רב חלקיה בר טובי	
רב חלקיה בר טוביה	
רבי חלקיה בריה דרב אויא	
ר' חלקיה הדרומי	
רב חלקיה מהגרוניא	
רב חמא	
ר' חמא אבוה דר' אושעיא	
ר' חמא אבוי דבר קפרא	
חמא אבוי דרב יוסף	
ר' חמא אבוי דר' יהושעיה	
ר' חמא בן לקיש	
רב חמא בר אבא	
חמא בר אדא	
ר' חמא בר אושעיא	
ר' חמא בר אשי	
רב חמא בר בוזי	
רב חמא בר ביסא	
רב חמא בר ברתיה דחסא	
רב חמא בר גוריא	
רב חמא בר חלפתא	
רבי חמא בר חנינא	
ר' חמא בר חנינא	
ר' חמא בר חנינא בר פפא	
רב חמא בר טוביה	
רבי חמא בר יוסי	
רבי חמא בר יוסף	
רבי חמא בר עוקבא	
רב חמא בר עקיבא	
רבי חמא בר פפא	
רב חמא בריה דרבה בר אבהו	
ר' חמא דכפר תחומין	
רב חמא חברהון דרבנן	
רב חמא מנהרדעא	
חנא	
רב חנא	
רב חנא בגדתאה	
רב חנא בר אבא	
רב חנא בר אדא	
רב חנא בר אחא	
רב חנא בר ביזנא	
רבי חנא בר הינדא	
רב חנא בר חיננא	
רב חנא בר חנילאי	
רב חנא בר יהודה	
רב חנא בר ליוואי	
רב חנא בר רב קטינא	
ר' חנא בר שאונה	
ר' חנא בר שאינה	
רב חנא חתניה דרב אדא בר אהבה	
רבי חנא פתוראי	
ר' חנא קרטיגנאה	
ר' חנא שאונא	
ר' חנא שאינה	
חנה	
ר' חנה ציפוראי	
ר' חנון בן פזי	
ר' חנילאי	
רב חנילאי בר אידי	
ר' חנילאי בר חנילאי	
רב חנילאי מחוזנאה	
חנין	
רב חנין	
ר' חנין	
ר' חנין בן פזי	
חנין בן פנחס	
ר' חנין בר אביי	
ר' חנין בר אדא	
רב חנין בר אמי	
ר' חנין בר אשי	
ר' חנין בר בא	
רב חנין בר ביזנא	
ר' חנין בר לוי	
רב חנין בר פפא	
ר' חנין בר רבא	
רב חנין בריה דרב ייבא	
ר' חנין בריה דרבי	
ר' חנין דציפורי	
ר' חנין חתניה דבי נשיאה	
חנין מגופתייה	
ר' חנין מחוזנאה	
רבי חנינא	
ר' חנינא	
ר' חנינא אביו של ר' אחא	
ר' חנינא אחוה דר' מנא	
ר' חנינא איש אונו	
ר' חנינא בן אורי	
חנינא בן אחי ר' יהושע	
ר' חנינא בן אנטיגנוס	
ר' חנינא בן בינאי	
ר' חנינא בן גמלא	
ר' חנינא בן גמליאל	
רבי חנינא בן דוסא	
חנינא בן חזקיה	
חנינא בן חכינאי	
ר' חנינא בן עקביא	
רבי חנינא בן פזי	
ר' חנינא בן פזי	
ר' חנינא בן שמואל	
רבי חנינא בן תרדיון	
ר' חנינא בנו של ר' יוסי הגלילי	
ר' חנינא בנו של ר' ישמעאל	
רב חנינא בר אבדימי	
רב חנינא בר אבין	
ר' חנינא בר אחא	
ר' חנינא בר איבו	
ר' חנינא בר אידי	
ר' חנינא בר איסי	
חנינא בר איקא	
ר' חנינא בר אמי	
ר' חנינא בר אנדריי	
רבי חנינא בר חמא	
ר' חנינא בר חנינא	
חנינא בר יונה	
ר' חנינא בר יוסף	
ר' חנינא בר יסא	
ר' חנינא בר יקא	
רב חנינא בר כהנא	
ר' חנינא בר ליוואי	
רב חנינא בר מיניומי	
רבי חנינא בר סיסי	
ר' חנינא בר סנסן	
רבי חנינא בר סרסי	
ר' חנינא בר עגול	
ר' חנינא בר עגיל	
ר' חנינא בר עטל	
ר' חנינא בר עיזקא	
ר' חנינא בר פפא	
ר' חנינא בר פפי	
רב חנינא בר רב קטינא	
ר' חנינא בר שילא	
ר' חנינא בר שלדא	
רבי חנינא בר שלמיא	
ר' חנינא ברוקא	
ר' חנינא בריה דר' אבא	
ר' חנינא בריה דר' אבהו	
ר' חנינא בריה דר' אדא	
ר' חנינא בריה דר' בחיי	
ר' חנינא בריה דר' הלל	
ר' חנינא בריקא	
רבי חנינא דברת חוורן	
ר' חנינא דציפורין	
ר' חנינא דקיסרין	
ר' חנינא הגדול	
ר' חנינא הזקן	
ר' חנינא חברון דרבנן	
רב חנינא חוזאה	
רבי חנינא טירנאה	
רבי חנינא טירתא	
ר' חנינא כתובה	
רב חנינא מסורא	
רב חנינא מסורא דפרת	
רבי חנינא סגן הכהנים	
ר' חנינא ספרא	
רבי חנינא ענתונא	
רבי חנינא ענתונייא	
ר' חנינא ענתנייה	
ר' חנינא קרא	
ר' חנינא שלקא	
רבי חנינא תורתייא	
רבי חנינא תורתייה	
רבי חנינא תיתרא	
רבי חנינא תריתאה	
ר' חנינה בן ברוקא	
ר' חנינה תרתיה	
חנן	
רב חנן	
רבי חנן	
ר' חנן	
"ר' חנן אבוה דר""ש	"
חנן בן אבישלום	
רב חנן בן פזי	
חנן בן פנחס	
ר' חנן בר אבא	
רב חנן בר אביי	
רב חנן בר אדא	
חנן בר אימי	
רב חנן בר אמי	
ר' חנן בר אשי	
חנן בר בא	
ר' חנן בר יוסף	
ר' חנן בר מולדה	
רבי חנן בר פיטום	
רב חנן בר רב חסדא	
רב חנן בר רב יצחק	
רב חנן בר רב קטינא	
רב חנן בר רבא	
ר' חנן בר רבה	
רב חנן בר תחליפא	
ר' חנן בריה דר' ברכיה בוצרייה	
ר' חנן דציפורי	
'חנן המצרי א	
'חנן המצרי ב	
חנן הנחבא	
חנן חייטא	
רב חנן מבי כלוחית	
רב חנן מנהרדעא	
רב חנן קרטיגנאה	
ר' חננא	
רב חננאל	
רב חננאל בר פפא	
ר' חננה	
ר' חנניא בן בינאי	
רבי חנניא בן יהודה	
רב חנניא חבריהון דרבנן	
רב חנניא טריטאה	
רב חנניה	
ר' חנניה	
ר' חנניה אחי ר' אחא בר' חנינא	
ר' חנניה איש כפר טבעון	
ר' חנניה בן אחוי דרב הושעיא	
חנניה בן אחי יאשיה	
חנניה בן אחי רבי יהושע	
חנניה בן חזקיה בן גורן	
חנניה בן חכינאי	
חנניה בן חכנאי	
ר' חנניה בן חלניפי	
חנניה בן חנילא	
ר' חנניה בן יעקב	
ר' חנניה בן עדו	
רבי חנניה בן עקביא	
רבי חנניה בן עקשיא	
רבי חנניה בן פזי	
רבי חנניה בן שמואל	
ר' חנניה בר אידי	
רב חנניה בר ביבי	
רבי חנניה בר מניומי	
רבי חנניה בר עכברי	
רב חנניה בר שילא	
רב חנניה בר שלמיא	
ר' חנניה בריה דרבי הלל	
ר' חנניה בריה דר' איבי	
ר' חנניה בר' יהושע	
'ר' חנניה ב	
ר' חנניה חברון דרבנן	
רבי חנניה סגן הכהנים	
רב חנניה סנתוניא	
רבי חנניה תרתייה	
חסא	
ר' חסא	
רב חסדא	
רב חסדא בן עוירא	
רב חסדא בר אבדימי	
רב חסדאי	
רב חסדי	
חסיד	
ר' חסידא	
חסידי דבבל	
חסידים הראשונים	
ר' חפני בר יצחק	
ר' חצנא	
חריפי דפומבדיתא	
רב טבות	
טבות רישבא	
טבי	
ר' טבי	
רב טבי בר קיסנא	
טבי בריה דמרי טבי	
טבי רישבא	
טביומי	
רב טביומי	
רב טביומי בר קיסנא	
רב טבית	
רבי טבלא	
ר' טבלאי	
ר' טבלי	
רבי טבליי	
רבי טובי	
ר' טובי בר יצחק	
ר' טובי בר קיסמא	
רב טובי בר קיסנא	
רב טובי בר קסנא	
רב טובי בר רב מתנה	
רב טובי בר רב קטינא	
רב טובי בר רב קיסנא	
רב טובי בריה דרב נחמיה	
ר' טוביה	
טוביה הרופא	
ר' טיופה סמוקא	
ר' טייפה סמוקה	
טרטירוי	
ר' טרייא	
רבי טרפון	
רב יאשיה	
רבי יאשיה	
ר' יאשיה	
ר' יאשיה בי רבי ינאי	
ר' יאשיה בן לוי	
ר' יאשיה דמן אושה	
רבי יאשיה רבה	
ידוע הבבלי	
רב יהודה	
רבי יהודה	
רב יהודה אחוה דרב כהנא	
רב יהודה אחוה דרב סלא חסידא	
יהודה איש הוצא	
יהודה איש הוצי	
ר' יהודה איש טיבעים	
ר' יהודה איש כפר גבור חיל	
ר' יהודה איש כפר גבוריא	
רבי יהודה איש כפר נביריא	
ר' יהודה איש כפר נפור חיל	
יהודה איש כפר עכו	
ר' יהודה בן אגרא	
רבי יהודה בן אגרא איש כפר עכו	
רבי יהודה בן אחותו של רבי יוסי בר חנינא	
'רבי יהודה בן בתירא א	
'רבי יהודה בן בתירא ב	
יהודה בן גדידיה	
רבי יהודה בן גדיש	
יהודה בן גוריא	
רבי יהודה בן גירין	
רבי יהודה בן גמדא איש כפר עכו	
ר' יהודה בן גמליאל	
רבי יהודה בן גרים	
רבי יהודה בן דוסתאי	
יהודה בן דורתאי	
ר' יהודה בן דמא	
ר' יהודה בן דרדייא	
רבי יהודה בן חגרא	
ר' יהודה בן חנניה	
רבי יהודה בן חרגא	
יהודה בן טבאי	
רבי יהודה בן טיטוס	
רבי יהודה בן יאיר	
ר' יהודה בן יעקב מבית גוברין	
ר' יהודה בן ישעיה הבשם	
רבי יהודה בן כיני	
רבי יהודה בן לוי	
ר' יהודה בן לקיש	
ר' יהודה בן לקרח	
ר' יהודה בן מנשי	
ר' יהודה בן נקוסא	
יהודה בן פדייה	
ר' יהודה בן פדייה	
ר' יהודה בן פזי	
יהודה בן פטורא	
יהודה בן פטורי	
ר' יהודה בן פילויה	
ר' יהודה בן פפוס	
ר' יהודה בן קנוסא	
יהודה בן רבי חייא	
ר' יהודה בן רועץ	
יהודה בן שמוע	
ר' יהודה בן תימא	
רב יהודה בנו של רב שמואל בר שילת	
רבי יהודה בנו של רבן יוחנן בן זכאי	
רב יהודה בר אבא	
רב יהודה בר אביי	
ר' יהודה בר אבין	
רב יהודה בר אושעיא	
רב יהודה בר אחותאי	
רב יהודה בר אידי	
רב יהודה בר אישתתא	
רבי יהודה בר אלעאי	
רבי יהודה בר אמי	
רב יהודה בר אשי	
רב יהודה בר בבא	
ר' יהודה בר ביזנא	
ר' יהודה בר ביני	
רבי יהודה בר גדיא	
יהודה בר גרוגרות	
רבי יהודה בר זבדא	
רב יהודה בר זבדי	
רבי יהודה בר זבידא	
רב יהודה בר זבינא	
ר' יהודה בר זכריה	
רב יהודה בר חביבא	
רב יהודה בר חיננא	
ר' יהודה בר חמא	
רבי יהודה בר חנינא	
רב יהודה בר יחזקאל	
רב יהודה בר יצחק	
ר' יהודה בר ישמעאל	
רבי יהודה בר ליואי	
ר' יהודה בר לקרה	
ר' יהודה בר מנסיא	
ר' יהודה בר מספרתא	
ר' יהודה בר מערבא	
יהודה בר מרימר	
ר' יהודה בר נחמיה	
יהודה בר נחמן	
יהודה בר נחמני	
ר' יהודה בר נחמני	
ר' יהודה בר נריא	
יהודה בר נתן	
ר' יהודה בר סיגנא	
ר' יהודה בר ספרא	
ר' יהודה בר פזי דברדליה	
ר' יהודה בר פלמא	
ר' יהודה בר פפי	
רב יהודה בר קזא	
רב יהודה בר שילא	
רב יהודה בר שילת	
רב יהודה בר שלום	
יהודה בר שמואל	
רבי יהודה בר שמואל	
רבי יהודה ברבי	
רבי יהודה ברבי שמעון	
רב יהודה בריה דרב יהושע	
ר' יהודה בריה דר' שמעון בן פזי	
ר' יהודה בר' אלעזר	
ר' יהודה בר' יעקב	
ר' יהודה בר' סיחון	
ר' יהודה בר' סימון	
"יהודה ב""ר	"
ר' יהודה גוזריא	
ר' יהודה גלוסטרא	
יהודה גרוגרות	
ר' יהודה דסכנין	
ר' יהודה דציפורן	
ר' יהודה הגוזר	
רב יהודה הינדואה	
רבי יהודה הכהן	
רבי יהודה הכהן בר אבין	
ר' יהודה הלוי	
ר' יהודה הלוי בר שלום	
רבי יהודה הנחתום	
רבי יהודה הנשיא	
ר' יהודה הסבר	
ר' יהודה הענתותי	
ר' יהודה חייטא	
רב יהודה מדאסקרתא	
רב יהודה מדפתי	
רב יהודה מהגרוניא	
ר' יהודה מנשייא בר מנשה	
רב יהודה מסורא	
יהודה מר בר מרימר	
'רבי יהודה נשיאה א	
'ר' יהודה נשיאה ב	
'ר' יהודה נשיאה ג	
ר' יהודה קלוסטרא	
רב יהושע	
רבי יהושע	
ר' יהושע אונייא	
יהושע איש עוזי	
ר' יהושע בן אביין	
ר' יהושע בן אבין	
ר' יהושע בן אבירם	
ר' יהושע בן אלישע	
ר' יהושע בן ביתות	
ר' יהושע בן בתירא	
יהושע בן גמלא	
רבי יהושע בן הורקנוס	
ר' יהושע בן זירוז	
יהושע בן זריז	
רבי יהושע בן חנניה	
ר' יהושע בן יאיר	
רבי יהושע בן כפיסאי	
רבי יהושע בן לוי	
ר' יהושע בן לוי בר שלום	
ר' יהושע בן לקיש	
רבי יהושע בן ממל	
רבי יהושע בן מתיא	
רבי יהושע בן עוזאה	
ר' יהושע בן פדיה	
יהושע בן פרחיה	
רבי יהושע בן פתייה	
ר' יהושע בן פתר ראש	
ר' יהושע בן קבוסיו	
ר' יהושע בן קבסוי	
ר' יהושע בן קפוסאי	
ר' יהושע בן קפוצאי	
רבי יהושע בן קרחה	
רבי יהושע בנו של רבי עקיבא	
רבי יהושע בר אבא	
ר' יהושע בר בנימין בר לוי	
ר' יהושע בר זידל	
ר' יהושע בר מנחמה	
רבי יהושע בר נחמיה	
ר' יהושע בר נחמן	
ר' יהושע בר סימון	
רבי יהושע בריה דרב אידי	
ר' יהושע בריה דרב חננאל	
ר' יהושע בריה דר' בירי	
ר' יהושע בריה דר' טומי	
ר' יהושע בריה דר' תנחום בר חייא דכפר אגין	
ר' יהושע בריה דר' תנחום דכפר חנון	
רבי יהושע דיימא	
רבי יהושע דסכנין	
ר' יהושע דרומיא	
רבי יהושע הגרסי	
ר' יהושע הכהן בר נחמני	
ר' יהושע הלוי בר שלום	
ר' יהושע חילפיי	
ר' יהושעיא בריה דר' שמאי	
ר' יוד	
יוד קרת	
יודא	
ר' יודא בר אימי	
ר' יודא בר דרדייא	
ר' יודא בר סיסין	
רבי יודה בי ר' בון	
ר' יודה ענתורייא	
ר' יודן	
ר' יודן אבוי דר' מתליא	
ר' יודן אבוי דר' מתניא	
ר' יודן אבויה דר' מתנה	
ר' יודן אבויה דר' מתניתא	
ר' יודן אנתודרייא	
ר' יודן אנתורדייא	
ר' יודן אנתורי	
ר' יודן בי רבי חנן	
ר' יודן בי ר' ישמעאל	
ר' יודן בן גדיא	
ר' יודן בן טרפון	
ר' יודן בר ברתיה דר' שמעון בן יוחאי	
ר' יודן בר גורייא	
ר' יודן בר דורתי	
ר' יודן בר חלפיי	
ר' יודן בר חנין	
ר' יודן בר חנינא	
ר' יודן בר יודן בר שלום	
ר' יודן בר ישמעאל	
ר' יודן בר מנשה	
יודן בר נחמיה	
ר' יודן בר פדיא	
ר' יודן בר פיליא	
ר' יודן בר פליא	
ר' יודן בר פלייא	
ר' יודן בר שלום	
ר' יודן בר שקלי	
ר' יודן ברבי שמואל	
יודן בריבי	
ר' יודן בריבי	
ר' יודן בריה דרב	
ר' יודן בריה דר' אייבו	
ר' יודן בריה דר' חמא דכפר תחומין	
ר' יודן בריה דר' יודן	
ר' יודן בר' יוסי	
ר' יודן בר' שמעון	
ר' יודן גזורי	
יודן גירי	
ר' יודן גיריא	
ר' יודן דיפו	
ר' יודן דכפר אימי	
ר' יודן דמן גלייא	
ר' יודן דמן גלילא	
ר' יודן מגדלייא	
ר' יודן נסייא	
ר' יודן ענתדרייא	
ר' יודן ענתונדריא	
ר' יודן ענתנדריא	
ר' יודן קפודקיא	
ר' יוחי בר יודן	
רבי יוחנן	
ר' יוחנן אחוה דמר בריה דרבינא	
ר' יוחנן אחוה דרב ספרא	
יוחנן אחי ר' שמעון בן יהוצדק הכהן	
ר' יוחנן בן אלעאי	
ר' יוחנן בן אלעזר	
ר' יוחנן בן ארזא	
יוחנן בן בג בג	
רבי יוחנן בן ברוקא	
רבי יוחנן בן בתירא	
ר' יוחנן בן גודגדא	
רבי יוחנן בן דהבאי	
רבי יוחנן בן החורנית	
ר' יוחנן בן החרבות	
רבי יוחנן בן המשולם	
רבן יוחנן בן זכאי	
רבי יוחנן בן יהושע בן חמיו של רבי עקיבא	
רבי יוחנן בן יוסף	
ר' יוחנן בן לוי	
ר' יוחנן בן מתיא	
ר' יוחנן בן נורי	
ר' יוחנן בן ניזוף	
ר' יוחנן בן פדיה	
ר' יוחנן בן פזי	
ר' יוחנן בן קצרתה	
ר' יוחנן בן שאול	
רבי יוחנן בן תורתא	
רבי יוחנן בנו של ר' יהושע בן קרחה	
ר' יוחנן בנו של ר' יוסי בן קיסמא	
ר' יוחנן בר חנינא	
ר' יוחנן בר יאשיה	
ר' יוחנן בר יודן דמן גלילא	
ר' יוחנן בר יישוע	
ר' יוחנן בר מדייא	
ר' יוחנן בר מולדא	
ר' יוחנן בר מרי	
ר' יוחנן בר מריא	
ר' יוחנן בר מרייא	
ר' יוחנן בר מרייה	
ר' יוחנן בר נחמן	
ר' יוחנן בר סימון	
ר' יוחנן בר פפא	
ר' יוחנן בר שאונה	
ר' יוחנן בר שילא	
ר' יוחנן דבית גוברין	
ר' יוחנן דיפו	
ר' יוחנן דצפרין	
ר' יוחנן דקציון	
ר' יוחנן דקרציין	
רבי יוחנן החורני	
יוחנן הכהן הסופר	
ר' יוחנן המכיתי	
ר' יוחנן הנזוף	
ר' יוחנן הסנדלר	
יוחנן חקוקאה	
רבי יוחנן מלחשך	
יוחנן סופר	
ר' יוחנן ספרא דגופתא	
ר' יוחנן ענתנייתא	
יוחנן שר הבירה	
ר' יולימנא בר עבדי	
רבי יונה	
רבי יונה אבוה דרבי מני	
ר' יונה אביו דר' ישמעאל	
רבי יונה בוצירוי	
ר' יונה בוצריא	
יונה בוצריה	
רבי יונה בוצריי	
רבי יונה בוצרייא	
רבי יונה בוצרייה	
ר' יונה בן צדיה	
ר' יונה בן צרויה	
ר' יונה בר אבא	
רבי יונה בר תחליפא	
רבי יונה דכפר אימי	
ר' יונה חמוה דר' אמי	
ר' יונה מבוצרצא	
רבי יונתן	
ר' יונתן	
ר' יונתן איש הבירה	
רבי יונתן בי רבי יוסי	
ר' יונתן בן אבטולמוס	
ר' יונתן בן אלעזר	
יונתן בן אריה	
ר' יונתן בן בתירא	
ר' יונתן בן הרכינס	
יונתן בן הרסא	
ר' יונתן בן חגי	
ר' יונתן בן חלי	
יונתן בן חרשא איש גינוסר	
רבי יונתן בן יוסי	
ר' יונתן בן יוסי בן לקוניא	
ר' יונתן בן יוסף	
יונתן בן משולם	
יונתן בן עוזיאל	
רבי יונתן בן עכינאי	
רבי יונתן בן עכמאי	
ר' יונתן בן עמרם	
ר' יונתן בן עסמיי	
ר' יונתן בן שאול	
ר' יונתן בר יוסי	
ר' יונתן בר יצחק בר אחא	
ר' יונתן דבית גוברין	
יונתן הקטיני	
ר' יונתן ספרא דגיפתרא	
ר' יונתן קיפא	
יונתן שידא	
ר' יונתן שר הבירה	
ר' יוסא סבא	
יוסה	
ר' יוסה בן ביביי	
ר' יוסה בר אביי	
יוסה בריה דר' יהושע בן לוי	
רבי יוסה גלילייא	
יוסה חפני	
ר' יוסטא	
ר' יוסטא בר מתון	
ר' יוסטא בר שונה	
ר' יוסטא בר שונם	
ר' יוסטאי בר מתון	
ר' יוסטי בר סימון	
יוסטי חברא	
ר' יוסטיני	
יוסטני	
יוסי	
רב יוסי	
רבי יוסי	
ר' יוסי איש צייתור	
ר' יוסי אלעאי	
ר' יוסי אשיין	
ר' יוסי בן אלישע	
יוסי בן גילאי	
רבי יוסי בן דולגאי	
רבי יוסי בן דורמסקית	
ר' יוסי בן החוטף אפרתי	
רבי יוסי בן המשולם	
ר' יוסי בן זמרא	
ר' יוסי בן זעירא דכפר ראמין	
יוסי בן חוני	
רבי יוסי בן חלפתא	
ר' יוסי בן חנמאל	
ר' יוסי בן טרטס	
ר' יוסי בן יאסין	
ר' יוסי בן יהושע	
יוסי בן יוחנן איש ירושלים	
ר' יוסי בן יוסי	
ר' יוסי בן יוסי בן יאסיין	
רבי יוסי בן יוסי בן פרורה	
יוסי בן יועזר איש צרידה	
רבי יוסי בן יסיאן	
ר' יוסי בן יעקב	
ר' יוסי בן יעקב איש כפר אונו	
ר' יוסי בן כיפר	
ר' יוסי בן משולם	
ר' יוסי בן נהוראי	
ר' יוסי בן סמאי	
ר' יוסי בן עזי	
ר' יוסי בן עזי דברדילה	
יוסי בן עקיבא	
ר' יוסי בן פזי	
ר' יוסי בן פטרוס	
ר' יוסי בן פיטרס	
יוסי בן פכסס	
ר' יוסי בן פרטא	
ר' יוסי בן פרידה	
יוסי בן קיטונתא	
רבי יוסי בן קיסמא	
ר' יוסי בן שאול	
ר' יוסי בן תדאי איש טבריה	
ר' יוסי בן תחליפא	
ר' יוסי בר אבא	
ר' יוסי בר אבהו	
ר' יוסי בר אביי	
ר' יוסי בר אבין	
ר' יוסי בר איבו	
ר' יוסי בר איקא	
ר' יוסי בר אליקים	
ר' יוסי בר אלעזר בר ר' שמעון בר יוחאי	
ר' יוסי בר אסיין	
רבי יוסי בר אשיאן	
רבי יוסי בר ביבי	
רבי יוסי בר ביבין	
ר' יוסי בר ביסא	
רבי יוסי בר ברתיה דרבי יוסי	
ר' יוסי בר גזירא	
ר' יוסי בר דוסא	
ר' יוסי בר הינא	
ר' יוסי בר זבידא	
ר' יוסי בר זבילא	
ר' יוסי בר זמינא	
ר' יוסי בר זעירא	
רבי יוסי בר חנינא	
ר' יוסי בר יאסיניאה	
ר' יוסי בר יהודה	
ר' יוסי בר יהודה איש כפר הבבלי	
ר' יוסי בר יעקב	
ר' יוסי בר יעקב בר זבדי	
ר' יוסי בר יצחק	
ר' יוסי בר ירמיה	
ר' יוסי בר ממל	
יוסי בר מניישא	
יוסי בר מנשיא	
ר' יוסי בר נחמיה	
ר' יוסי בר נחמן	
ר' יוסי בר נתן	
ר' יוסי בר סימון	
ר' יוסי בר קסריי	
ר' יוסי בר קצרתא	
ר' יוסי בר רב כהנא	
ר' יוסי בר שונם	
ר' יוסי בר שלום	
ר' יוסי בר שמעון בר אבא	
רבי יוסי בריבי	
ר' יוסי בריה דרב חסדא	
ר' יוסי בריה דר' יעקב בר אידי	
ר' יוסי בריה דר' תנחום מכפר אגין	
ר' יוסי גלילאה	
ר' יוסי דכפר דן	
ר' יוסי דכפר חנן	
ר' יוסי דמן יוקרת	
ר' יוסי דמן קיסרי	
ר' יוסי דפקיעין	
ר' יוסי דרומייא	
ר' יוסי הארוך	
יוסי הבבלי	
ר' יוסי הגלילי	
ר' יוסי החורם	
רבי יוסי הכהן	
ר' יוסי הכהן	
ר' יוסי המודעי	
ר' יוסי זוטא	
ר' יוסי חסידא	
ר' יוסי מדאה	
ר' יוסי ממלחיא	
ר' יוסי מנהרביל	
יוסי מעוני	
ר' יוסי צוודניה	
ר' יוסי צידונייא	
רבי יוסי ציידניא	
ר' יוסי ציידנייה	
רבי יוסי קטנותא	
רבי יוסי קטנתא	
ר' יוסנא	
רב יוסף	
רבי יוסף	
יוסף איש הוצל	
יוסף אפרתי	
רב יוסף בן זמרא	
רב יוסף בן חוני	
יוסף בן יהודה	
יוסף בן יועזר	
ר' יוסף בן סימאי	
רב יוסף בר אבא	
רב יוסף בר אבדימי	
רב יוסף בר אמי	
רב יוסף בר דוסאי	
רב יוסף בר חבו	
יוסף בר חייא	
רב יוסף בר חמא	
רב יוסף בר חנין	
רב יוסף בר מניומי	
רב יוסף בר רב נחוניא	
ר' יוסף ברב אלעאי	
רב יוסף בריה דרב סלא חסידא	
רב יוסף בריה דרב עילאי	
רב יוסף בריה דרב שמואל	
רב יוסף בריה דרב שמעיה	
רב יוסף בריה דרבא	
רב יוסף בריה דר' יהושע בן לוי	
רב יוסף בריה רב מנשיא מדויל	
יוסף הבבלי	
יוסף הכהן	
יוסף חפני	
ר' יוסף צידונא	
יוסף רישבא	
יועזר איש הבירה	
יועזר בן יעקב	
רבי יוצדק	
ר' יושוע אונייה	
ר' יושוע בר גיזורה	
ר' יושיע בן קבסא	
יושעה בריה דרב חננאל	
רב יחונה	
רב יחזקאל	
ר' יחזקיה	
רב יחיאל	
רב ייבא	
ר' ייבא בר יוסי	
ייבא חמוה דאשיין בר נדבך	
רב ייבא סבא	
ר' ייבא סבא	
רבי יילי	
רב יימר	
רב יימר בר חשו	
רב יימר בר שיזבי	
רב יימר בר שלמיא	
רב יימר בריה דרב הלל	
רב יימר מדיפתא	
רב יימר סבא	
ר' ייסא	
יישוע אחוה דדוריי	
רבי ינאי	
ר' ינאי	
רב ינאי אחוה דרבי חייא בר אבא	
ר' ינאי בר ישמעאל	
ר' ינאי בר נחמיה	
ר' ינאי בר שמואל	
ר' ינאי בר שמעון	
רבי ינאי בריה דרבי ינאי סבא	
ר' ינאי בריה דר' אמי	
רבי ינאי בריה דר' שמואל בר' ינאי	
ר' ינאי דשאב	
ר' ינאי הכהן	
ר' ינאי זעירא	
ר' ינאי חמוהי דר' אמי	
רבי ינאי סבא	
ר' ינאי קפודקאי	
רבי ינאי רבה	
ר' ינטה בר חיננא	
יסא	
ר' יסא בי ר' שבתי	
ר' יסא בר אחא	
ר' יסא בר ברתיה דר' יסא	
יסא בר חלפותא	
ר' יסא קוצירא	
יסי	
יעבץ	
ר' יעקב	
יעקב אבי ר' נחמן	
ר' יעקב אחוה דרב אחא בר יעקב	
ר' יעקב איש כפר חיטייה	
יעקב איש כפר נבוריא	
ר' יעקב ארמנייא	
ר' יעקב בן דוסאי	
ר' יעקב בן יצחק מבית גיפנין	
ר' יעקב בן קורשאי	
רבי יעקב בן קרשי	
'ר' יעקב בר אבא א	
'ר' יעקב בר אבא ב	
ר' יעקב בר אבדימי	
ר' יעקב בר אבוה	
ר' יעקב בר אבון	
ר' יעקב בר אביי	
ר' יעקב בר אבין	
ר' יעקב בר אבינא	
ר' יעקב בר אדא	
ר' יעקב בר אדא בר עתליה	
רבי יעקב בר אחא	
ר' יעקב בר אחא	
ר' יעקב בר אחא בר אידי	
ר' יעקב בר אחאי	
ר' יעקב בר אידי	
ר' יעקב בר אלעזר	
רבי יעקב בר אמי	
ר' יעקב בר אמי	
ר' יעקב בר בין	
רבי יעקב בר ברתיה דאחר	
ר' יעקב בר ברתיה דרב אחא בר יעקב	
ר' יעקב בר גיורי	
רבי יעקב בר דוסתאי	
ר' יעקב בר דסאיי	
ר' יעקב בר דסי	
ר' יעקב בר דסיי	
ר' יעקב בר זבדי	
רבי יעקב בר חמא	
ר' יעקב בר חנינא	
ר' יעקב בר יוסי	
ר' יעקב בר ינאי	
ר' יעקב בר יעקב	
ר' יעקב בר יצחק	
ר' יעקב בר נחמני	
רבי יעקב בר סוסי	
ר' יעקב בר סוסיי	
רבי יעקב בר סיסי	
ר' יעקב בר פליטי	
ר' יעקב ברה דבת יעקב	
ר' יעקב ברה דבת שמואל	
ר' יעקב בריה דרב יהודה בר יחזקל	
ר' יעקב בריה דר' אחא בר יעקב	
ר' יעקב גבולייא	
ר' יעקב גביליא	
ר' יעקב גבליא	
ר' יעקב גרוסה	
ר' יעקב דכפר חנן	
ר' יעקב דקיסרין	
ר' יעקב דרומאי	
ר' יעקב דרומייא	
ר' יעקב דרומנא	
יעקב הדייבא	
ר' יעקב מנהר פקוד	
יעקב מעפרתים	
יעקב מצעה	
ר' יעקב עמסונייא	
יעקב קרחה	
יעקב קרחינאה	
רב יצחק	
רבי יצחק	
ר' יצחק	
יצחק אבי רב נחמן	
ר' יצחק איש כפר עכו	
רבי יצחק בן אלעא	
רבי יצחק בן אלעזר	
'ר' יצחק בן אלעזר ב	
ר' יצחק בן זעירא	
רבי יצחק בן חקולא	
ר' יצחק בן חקולי	
ר' יצחק בן חקלא	
רבי יצחק בן טבלא	
ר' יצחק בן טבלאי	
ר' יצחק בן פנחס	
ר' יצחק בן פרנך	
ר' יצחק בן תרדיון	
ר' יצחק בר אבא	
ר' יצחק בר אבא בר מחסיא	
'רבי יצחק בר אבדימי א	
'רב יצחק בר אבדימי ב	
ר' יצחק בר אבודימי	
רב יצחק בר אבין	
רב יצחק בר אדא	
ר' יצחק בר אוריון	
ר' יצחק בר אחא	
רבי יצחק בר איסטייה	
ר' יצחק בר אלישיב	
ר' יצחק בר אמי	
רב יצחק בר אשי	
רב יצחק בר אשיאן	
רב יצחק בר ביזנא	
רב יצחק בר ביסנא	
ר' יצחק בר בר חנא	
רב יצחק בר גופתא	
רב יצחק בר גיורי	
ר' יצחק בר חייא	
ר' יצחק בר חלוב	
ר' יצחק בר חלוקה	
ר' יצחק בר חלקיה	
רב יצחק בר חנינא	
ר' יצחק בר חנינא בר פפא בר יצחק	
ר' יצחק בר חנניה	
ר' יצחק בר חקורי	
רבי יצחק בר טבליי	
ר' יצחק בר יונתן	
ר' יצחק בר יוסי	
ר' יצחק בר יוסי מחוזאה	
רב יצחק בר יוסף	
ר' יצחק בר יעקב בר גוריא	
רב יצחק בר יעקב בר גיורי	
ר' יצחק בר כהנא	
ר' יצחק בר מנחם	
ר' יצחק בר מרי	
ר' יצחק בר מריון	
ר' יצחק בר משרשיא	
ר' יצחק בר מתנה	
ר' יצחק בר נחמן	
ר' יצחק בר נחמני	
רבי יצחק בר נפתלי	
ר' יצחק בר סברין	
ר' יצחק בר סימון	
ר' יצחק בר פנחס	
ר' יצחק בר קפרא	
ר' יצחק בר קצצתה	
ר' יצחק בר קצרתה	
ר' יצחק בר רדיפא	
רב יצחק בר שילא	
רב יצחק בר שמואל	
רב יצחק בר שמואל בר מרתא	
רב יצחק ברבי	
רב יצחק בריה דרב	
רב יצחק בריה דרב אידי	
רב יצחק בריה דרב יהודה	
רב יצחק בריה דרב משרשיא	
רב יצחק בריה דרבה בר בר חנה	
ר' יצחק בריה דרבי חייא כהנא	
ר' יצחק בריה דר' חייא ברובה	
ר' יצחק בריה דר' חייא כתובה	
ר' יצחק בריה דר' חייא מטיבא	
יצחק דבי ר' ינאי	
ר' יצחק דהבן	
ר' יצחק דיהבא	
ר' יצחק דמן קרטיגנין	
ר' יצחק הבבלי	
ר' יצחק הכהן בר חמא	
יצחק כפתורא	
ר' יצחק מגדלאה	
ר' יצחק מגדלים	
ר' יצחק נפחא	
יצחק סומקא	
יצחק סחורה	
ר' יצחק עטושיא	
ר' יצחק פסקאה	
ר' יצחק קטריקי	
ר' יצחק קסקסאה	
ר' יצחק רבה	
ר' יצחק רביא	
יצחק רובא	
יצחק ריש גלותא	
ר' יקים	
ר' יקים איש הדר	
ירמיה	
רבי ירמיה	
רבי ירמיה ביראה	
ר' ירמיה בן אלעזר	
'רב ירמיה בר אבא א	
'ר' ירמיה בר אבא ב	
רב ירמיה בר אחא	
ר' ירמיה בר אלעאי	
רב ירמיה בר אמי	
ר' ירמיה בר חנינא	
ר' ירמיה בר יצחק	
ר' ירמיה בר שלום	
ר' ירמיה בר שמעיה	
ר' ירמיה בר תחליפא	
ר' ירמיה בריה דר' חייא בר אבא	
ר' ירמיה בר' שמעון	
ר' ירמיה כהנא	
רב ירמיה מדיפתיא	
ר' ירמיה ספרא	
ר' ירמיה רבה	
ר' ירמיה שיבשב	
ר' ישבב	
ר' ישבב הסופר	
רבי ישמעאל	
ר' ישמעאל אבי ר' יודן	
ישמעאל איש כפר דימא	
ישמעאל איש כפר ימא	
רבי ישמעאל בן אלישע	
רבי ישמעאל בן אלעזר	
ר' ישמעאל בן אלעזר הקפר	
רבי ישמעאל בן ברוקה	
ר' ישמעאל בן גמליאל	
ר' ישמעאל בן זירוד	
ר' ישמעאל בן זירוז	
ר' ישמעאל בן חנניה	
ר' ישמעאל בן יהוצדק	
רבי ישמעאל בן יוסף	
ר' ישמעאל בן יעקב דמן צור	
רבי ישמעאל בן לוגא	
רבי ישמעאל בן סתריאל	
רבי ישמעאל בנו של רבי אלעזר בן עזריה	
רבי ישמעאל בנו של רבי יוחנן בן ברוקא	
ר' ישמעאל בר אבא	
ר' ישמעאל בר אמי	
ר' ישמעאל בר ביבי	
ר' ישמעאל בר יישוע	
ר' ישמעאל בר יעקב בר אחא	
רבי ישמעאל בר נחמן	
ר' ישמעאל בר ר' יצחק	
ר' ישמעאל בר תנחום	
ר' ישמעאל בר תנחומא	
רבי ישמעאל בר' יונה	
רבי ישמעאל בר' יוסי	
ר' ישמעאל השזורי	
ר' ישעיה	
יששכר דפרמנדי	
ר' יתא	
כדי	
רבי כהן	
ר' כהנא	
רב כהנא אחוה דרב יהודה	
'רב כהנא א	
רב כהנא בר ביזנא	
רב כהנא בר טוביא	
כהנא בר ירמיה	
רב כהנא בר מלכיה	
רב כהנא בר מלכיו	
רב כהנא בר מניומי	
רב כהנא בר מתנה	
רב כהנא בר מתתיהו	
רב כהנא בר תחליפא	
רב כהנא בריה דרב חיננא סבא	
רב כהנא בריה דרב נחוניא	
רב כהנא בריה דרב נחמיה	
רב כהנא בריה דרב נתן	
רב כהנא בריה דר' חייא בר אבא	
'רב כהנא ב	
'רב כהנא ג	
'רב כהנא ד	
'רב כהנא ה	
רב כהנא חמוה דרב משרשיא	
כייליל	
רב כיני	
ר' כיריי	
כלבא שבוע	
רבי כרוספדאי	
ר' כרוספדאי בריה דר' שבתי	
רבי לא	
ר' לא דכפרא	
לודא	
ר' לודה	
רבי לוונטי	
לוטינוס דרומיה	
לוי	
ר' לוי	
לוי בר בוטי	
לוי בר ביריי	
ר' לוי בר ברכיה	
לוי בר היני	
ר' לוי בר זבדא	
ר' לוי בר זכריה	
רבי לוי בר חויית	
רבי לוי בר חזותא	
רבי לוי בר חיותא	
ר' לוי בר חייא	
רבי לוי בר חייתא	
לוי בר חינא	
רבי לוי בר חיתא	
רבי לוי בר חיתה	
רבי לוי בר חמא	
ר' לוי בר טרפון	
רבי לוי בר לחמא	
ר' לוי בר נזירא	
לוי בר סוסיי	
לוי בר סימון	
לוי בר סיסי	
לוי בר פייטם	
ר' לוי בר פלטא	
ר' לוי בר פנטי	
ר' לוי בר פסטי	
לוי בר פרטא	
ר' לוי בר רבי	
ר' לוי בר שלום	
לוי בר שמואל	
לוי בריה דרב הונא בר חייא	
ר' לוי בריה דרבי שמואל בר נחמיה	
ר' לוי בריה דר' זעירא	
ר' לוי הכהן בר חלפתא	
לוי הסדר	
לוי הסרד	
ר' לוי חתניה דר' זכריה	
לוי סבא	
לוי סוכיא	
לוי סוכייה	
לוי סיכייה	
לוי סריסא	
לוי פריסה	
רבי לוי צנבריא	
לוי שובדא	
רבי לויטס איש יבנה	
ר' לויטס איש כפר אוני	
ר' לויטס חוזאה	
ר' לולאני בר שווריה	
ר' לוליאני	
ר' לוליאני בר טבריני	
ר' לולייאני בר טבראי	
ר' לולינא בר טברין	
ר' לולינא בר טורין	
ר' לוליני בר כוריא	
לחמא בר לואי	
רבי ליא	
רבי ליונטי	
ר' ליל בי ר' אלם	
ר' ליל בר אלם	
רב לילי בר ממל	
לילי בר מני	
ליליינוס ופפוס	
רבי לעיי	
רבי מאיר	
מבוג	
מגבילה	
רבי מונא	
מונבז	
ר' מוסיא	
ר' מחסיא בר אידי	
מיאשא	
רבי מיאשא	
'ר' מיאשא א	
'ר' מיאשא ב	
מיישא	
ר' מיישא בר ירמיה	
מיניימון	
מישא	
ר' מישא	
רבי מלאי	
ר' מלוך	
רב מלכיא	
רב מלכיו	
'רבי מנא א	
רבי מנא בר תנחום	
'רבי מנא ב	
ר' מנא דציפורין	
רבי מנא דשאב	
מנחם	
רבי מנחם	
ר' מנחם אחי ר' גוריון	
מנחם איש גופתה אריה	
ר' מנחם איש גליא	
רבי מנחם איש כפר שערים	
ר' מנחם בר אבין	
מנחם בר יהודה בן לוי	
רבי מנחם בר יוסי סתומתאה	
ר' מנחם בר יעקב	
מנחם בר מבסימא	
רבי מנחם ברבי סימאי	
רבי מנחם בר' יוסי בן חלפתא	
ר' מנחם דגליא	
ר' מנחם חתניה דר' אלעזר בר אבונה	
מנחם טלמא	
מנחם יודאפה	
רבי מנחם יודפאה	
רבי מנחם יודפייה	
רבי מנחם סתימתאה	
רבי מנחמא	
ר' מנחמא בר זעירע	
ר' מנחמן	
מני	
ר' מני	
רבי מני בר פטיש	
רבי מני דמן צור	
ר' מני דקסרין	
מניומי	
מניומי אסיא	
רב מניומי בר חלקיה	
'רב מניומי בריה דרב נחומי א	
'רב מניומי בריה דרב נחומי ב	
מניומי סבא דגוש חלב	
מניומין כנדיקא	
מנימין בר איהי	
מנימין גר מצרי	
מנימין סקסנאה	
ר' מנסיא בר בריה דר' מנסיא	
מנשא	
רבי מנשה	
רב מנשה בר זביד	
רב מנשה בר שגובלי	
רב מנשיא בר גדא	
רב מנשיא בר זביד	
רב מנשיא בר יעקב	
רב מנשיא בר ירמיה	
רב מנשיא בר ירמיה מדיפתי	
מנשיא בר מנחם	
מנשיא בר מנשה	
רבי מנשיא בר עות	
רב מנשיא בר שגובלי	
רב מנשיא בר תחליפא	
רב מנשיא בריה דרבא	
רב מנשיה	
ר' מסיא	
מפשאה	
מר	
מר אחא	
מר בר המדורי	
מר בר חייא	
מר בר פופידתא	
מר בר רב אדא	
מר בר רב אידאי	
מר בר רב אשי	
מר בריה דרב אחא בריה דרבא	
מר בריה דרב יוסף	
מר בריה דרבינא	
מר הונא בריה דרב נחמן	
מר זוטרא	
מר זוטרא בר טוביה	
מר זוטרא בריה דרב הונא בריה דרב פפי	
מר זוטרא בריה דרב טבי	
מר זוטרא בריה דרב מרי	
מר זוטרא בריה דרב נחמן	
מר זוטרא חסידא	
מר זוטרא מדרישבא	
מר זוטרא רבה	
מר יהודה	
מר יוחנא בריה דרב חנא בר אדא	
מר יוחנא בריה דרב חנא בר ביזנא	
מר יחוני	
מר ינוקא	
מר ממשכי	
מר מר קשישא בריה דר' חסדא	
מר נתן אסיא	
מר עוקבא	
מר עוקבא בן ברתא דרב	
מר עוקבא בר חייא	
מר עוקבא בר חמא	
מר עוקבן	
מר קשישא	
מר קשישא בריה דרבא	
מר קשישא בריה דרבה	
מר שמואל	
מר שמואל מר	
'רב מרדכי א	
'רב מרדכי ב	
'רב מרי א	
רב מרי בר אבוה	
רב מרי בר איסור גיורא	
מרי בר איסק	
מרי בר בריה דרב הונא בריה דרבי ירמיה בר אבא	
רב מרי בר חמא	
רב מרי בר יעקב	
רב מרי בר מר	
מרי בר מר עוקבא	
מרי בר מרי	
רבי מרי בר רב כהנא	
רב מרי בר רחל	
רב מרי ברה דבת שמואל	
רב מרי ברה דבת שמואל בר שילת	
רב מרי בריה דבת שמואל	
רב מרי בריה דרב אשי	
רב מרי בריה דרב ביזנא	
רב מרי בריה דרב הונא בריה דרב ירמיה בר אבא	
רב מרי בריה דרב חסדא	
רב מרי בריה דרב פנחס	
מרי בת רב הונא	
'רב מרי ב	
רבי מריון	
מריון בר אבין	
מריון בריה דרבין	
מרימר	
מרימר בר חנינא	
רבי מרינוס	
מרינוס בי רבי יהושע	
רבי מרינוס בריה דרבי אושעיא רבה	
מרתא	
משה בר עצרא הכהן	
ר' משין בר נגרי	
רב משרשיא	
רב משרשיא בר בריה דרב אחא בר רב	
רב משרשיא בר חיקלאי	
רב משרשיא בר פקוד	
רב משרשיא בר רב דימי	
רב משרשיא בר רבא	
רב משרשיא בריה דרב אחא	
רב משרשיא בריה דרב אידי	
רב משרשיא בריה דרב אמי	
רב משרשיא בריה דרב חייא	
רב משרשיא בריה דרב נתן	
רב משרשיא מתוסנייא	
רבי מתון	
רב מתיא בן חרש	
מתיא מן דבתרה	
ר' מתנה	
'ר' מתנה א	
'רב מתנה ב	
רבי מתניא	
מתתיה בן יהודה	
נאנאי בריה דרב יוסף בריה דרבא	
נבו	
נגדא	
רבי נהוראי	
ר' נהוראי	
נהוראי בן שונייא	
נהוראי בר שיניא	
רבי נהוראי סבא	
ר' נהילאי בר אידי	
נהרבלאי	
נהרדעי	
נוולא	
רבי נזירא	
נחום	
רבי נחום	
ר' נחום אחוה דר' אילא	
נחום איש גליה	
נחום איש גם זו	
רבי נחום בר סימאי	
רבי נחום בר פפא	
נחום בר שימלאי	
נחום הזקן	
נחום הלבלר	
נחום המדי	
נחום הפיקולי	
ר' נחום שמעיה דר' אבהו	
רב נחומאי	
נחומאי בן אפקשיון	
רב נחומי	
רב נחומי בר אדא	
רב נחומי בר זכריה	
ר' נחומי בריה דר' חייא בר אבא	
ר' נחוניא	
ר' נחוניא איש בקעת בית חורתן	
רבי נחוניא בן אלינתן איש כפר הבבלי	
רבי נחוניא בן גודגדתא	
רבי נחוניא בן הקנה	
רבי נחוניא הגדול	
נחוניא חופר שיחין	
נחונייה בן יוסי בן פכסס	
רבי נחמיה	
ר' נחמיה	
נחמיה איש בית דלי	
ר' נחמיה איש בקעת חורתן	
ר' נחמיה איש כפר סיחון	
נחמיה איש שיחין	
ר' נחמיה בן אלעזר	
נחמיה בר ברוך	
ר' נחמיה בר חנינא	
ר' נחמיה בר מר עוקבן בריה דר' יוסי	
ר' נחמיה בר עוקבן	
רב נחמיה בריה דרב הונא בר חנילאי	
רב נחמיה בריה דרב חנילאי	
רב נחמיה בריה דרב יוסף	
ר' נחמיה בריה דר' חייא בר אבא	
רב נחמיה בריה דר' יהושע	
ר' נחמיה דיפו	
נחמיה חתניה דבי נשיאה	
רב נחמן	
רבי נחמן	
ר' נחמן	
רב נחמן בר אבא	
רב נחמן בר אדא	
רב נחמן בר אושעיא	
רב נחמן בר אושפזתי	
רב נחמן בר אמי	
רב נחמן בר ברוך	
רב נחמן בר זכריה	
רב נחמן בר חנין	
רב נחמן בר יהודה	
רב נחמן בר יעקב	
רב נחמן בר יצחק	
רב נחמן בר כהן	
רב נחמן בר נתן	
רב נחמן בר פפא	
ר' נחמן בר פרנק	
רב נחמן בר רב הונא	
רב נחמן בר רב זבדא	
רב נחמן בר רב חסדא	
רב נחמן בר רבא	
רבי נחמן בר שמואל בר נחמן	
רב נחמן ברב גוריא	
רב נחמן בריה דרב איקא	
רב נחמן בריה דרב יוסף	
ר' נחמן דיפו	
נחמן העמסוני	
רב נחמן מנהרדעא	
רב נחמן מפרהטיא	
נחמן סבא	
נחמני	
ר' נחשון	
ניולי	
ניותי	
ר' ניחא בר סבא	
נימוס אחי רבי יהושע הגרסי	
נימוס הגרדי	
ניפטיים הגר	
ניקומכי	
נירון קיסר	
רב ניתאי	
ניתאי איש תקוע	
ניתאי הארבלי	
רבי נסא	
ר' נסא דקסרין	
ר' נסים	
ר' נפתלי	
נקדימון בן גוריון	
נקיי	
רב נתן	
רבי נתן	
רב נתן אבוה דרב הונא בריה דרב נתן	
רבי נתן ביראה	
רבי נתן בן אבטולמיס	
ר' נתן בן אלעזר	
רבי נתן בן עמרם	
'רב נתן בר אבא א	
'רבי נתן בר אבא ב	
רב נתן בר אביי	
רב נתן בר אבין	
רבי נתן בר אבישלום	
רב נתן בר אושעיא	
ר' נתן בר אמי	
רב נתן בר אסיא	
ר' נתן בר טובי	
ר' נתן בר יוסף	
רב נתן בר מניומי	
נתן בר מר זוטרא	
רב נתן בר מר עוקבא	
נתן בר שילא	
ר' נתן בריבי	
ר' נתן בריה דר' ברכיה	
ר' נתן דבית גוברין	
נתן דצוציתא	
ר' נתן דרומה	
רבי נתן הבבלי	
נתן החבר	
ר' נתן כהן אחוי דר' חייא בר אבא	
ר' נתנאל	
סבטא בן אלס	
סביא	
ר' סובייה	
סומא בר כתבה	
סומכוס	
סורחב בר פפא	
רב סחורה	
רבי סידור	
סילני	
רב סימא בריה דרב אידי	
רב סימא בריה דרב אשי	
רבי סימאי	
ר' סימאי בר קיסי	
רבי סימון	
רבי סימון אחוה דר' יהודה בר זבדי	
ר' סימון בן קיזות	
רבי סימון בר זבדי	
ר' סימון בר יהושע	
ר' סימון בר מרתא	
ר' סימון בר תדאי	
רבי סימון ברבי יהושע בן לוי	
ר' סימון דתרי	
ר' סימון מן דרומא	
רב סימונא	
רבי סימיי	
סימן	
ר' סיסא	
רבי סיסיי	
רב סלא	
רב סמא	
רב סמא בר חילקאי	
רב סמא בר רקתא	
רב סמא בריה דרב אסי	
רב סמא בריה דרב אשי	
רב סמא בריה דרב ייבא	
רב סמא בריה דרב ירמיה	
רב סמא בריה דרב מרי	
רב סמא בריה דרב משרשיא	
רב סמא בריה דרבא	
סמוכוס בר יוסף	
רבי סמיא	
סמליון	
רב סעורם	
רב ספרא	
רב ספרא בריה דרב ייבא	
רב עובדיה	
רבי עוזיאל בר בריה דרבי עוזיאל רבה	
ר' עוזיאל בריה דר' נחוניא דברת חוורין	
'רב עוירא א	
'רב עוירא ב	
רב עוירא סבא	
עולא	
עולא ביראה	
רב עולא בר אבא	
עולא בר חיננא	
עולא בר ישמעאל	
עולא בר מנשיא	
עולא בר קושב	
עולא בר רב	
עולא בר ר' זכאי	
עולא בריה דרב אידי אמורא בבלי בדור השלישי	
רב עולא בריה דרב עילאי	
עולא בריה דר' אלעזר	
ר' עולא דקסרין	
עולא משגש ארחתיה דאימיה	
ר' עולא רבה	
עולא שכפא	
רב עוקבא	
רב עוקבא בר אבא	
רבי עוקבא בר אחא	
רב עוקבא בר חיננא מפרישנא	
רב עוקבא בר חמא	
רב עוקבא ממישן	
עוקבן בר נחמיה	
עוקבן הבבלי	
ר' עזרא	
ר' עזרא בר בריה דר' אבטולס	
עזריה	
ר' עזריה	
ר' עזריה איש כפר אונו	
ר' עזריה בר' סימון	
ר' עזריה דכפר חטיא	
עייא	
רב עילא	
עילא בר חנינא	
ר' עילאי	
רב עיליש	
רב עינא	
רב עינא סבא	
עיפא בן רחבא מפומבדיתא	
'רב עמרם א	
רב עמרם בריה דר' שמעון בר אבא	
'רב עמרם ב	
רב עמרם חסידא	
עמרם צבעא	
רב ענן	
רב ענן בר יוסף	
רב ענן בר רבא	
רב ענן בר תחליפא	
רבי ענן בר' יוסי	
רב ענן ר חייא	
רבי ענני בר נחשון	
רבי ענני בר ששון	
ר' ענניאל בר ששון	
עקביא בן מהללאל	
עקביה	
רב עקביה	
רבי עקיבא	
ר' עקיבא בן דוסא	
רבי עקיבא בר אחא	
ר' עקיבא בר זבדי	
רבי עקיבא ברבי חנינא	
רבי עקיבה בן יוסף	
עקילס	
עקילס הגר	
רב פדא	
ר' פדא	
ר' פדיה	
רבי פדת	
רבי פדת בנו של רבי אלעזר	
רבי פדת הזקן	
פוגא	
פזי	
רבי פטרוקי אחוה דרבי דרוסא	
רבי פילא	
פיליפא בר ר' פריט	
פישון הגמל	
פלטון איש רומי	
ר' פלטיא דנוה	
פלטיון איש רומי	
פלימו	
רבי פליפא בר פרוטה	
רבי פליפה בר פרוטה	
ר' פליפי בר נהוראי	
ר' פנדא	
פנחס	
רב פנחס	
רבי פנחס	
פנחס אחוה דמר שמואל	
רבי פנחס בי ר' חנינא	
רבי פנחס בן יאיר	
ר' פנחס בן לוי	
רבי פנחס בן ערובה	
רב פנחס בן רב חסדא	
פנחס בר אבא	
ר' פנחס בר אבין	
ר' פנחס בר אידי	
ר' פנחס בר זבאי	
ר' פנחס בר חייא הכהן	
רב פנחס בר חמא הכהן	
ר' פנחס בר ראובן	
רב פנחס בריה דרב אמי	
רב פנחס בריה דרב מרי	
ר' פנחס בריה דר' שמעון	
ר' פנחס דדהובא	
ר' פנחס דיפו	
ר' פנחס החבר	
ר' פנחס צפוראה	
פנימין	
רבי פס	
רב פפא	
רב פפא בר אבא	
רב פפא בר אבא רישבא	
רב פפא בר יעקב	
רב פפא בר שמואל	
רב פפא בריה דרב אחא בר אדא	
רב פפא בריה דרב חנין	
רב פפא בריה דרב חנן מבי כלוחית	
רב פפא בריה דרב יוסף	
רב פפא בריה דרב נחמן	
רב פפא סבא	
פפא תוראה	
פפוס	
פפוס בן יהודה	
רב פפי	
רבי פפייס	
רבי פרוזדק	
ר' פרורי	
ר' פרחיה	
רבי פרטא	
"ר' פרטא בנו של ר""א בן פרטא	"
רבי פרטא הגדול	
ר' פריגורי דקיסרין	
רבי פרידא	
רבי פרירא	
רבי פרנק	
פשפשה	
רבי צדוק	
ר' צדוק בן חלוקה	
רבי קורייס	
רב קטינא	
ר' קיסמא בן גירי	
ר' קיריס דאירמא	
ר' קיריס דידמא	
קלא	
ר' קצרה	
רבי קרוספאי	
רב קרוספי	
רבי קרוצפי	
רבי קריספא	
רבי קריספאי	
רבי קריספדא	
רבי קריצפי	
קרנא	
רבי קרציפא	
ר חסדיי	
רבי ראובן	
ר' ראובן איצטרובילי	
ר' ראובן בן איסטרובלי	
רבי ראובן בן אצטרובילי	
ר' ראובן בר איסטרובילוס	
ראמי בר תמרי	
רב	
רבא	
רבא אבוה דרב מרי בר רחל	
רבא אחוה דר' מרי בר רחל	
רבא בר אבא	
רבא בר אבין	
רבא בר אהילאי	
רבא בר אהינא	
רבא בר איתי	
רבא בר אפיתון	
רבא בר בונא	
רבא בר בריה דרב פפי	
רבא בר זבדא	
רבא בר זוטרא	
רבא בר זימונא	
רבא בר זימנא	
רבא בר זמינא	
רבא בר חיננא	
רבא בר חקלאי	
רבא בר יוסף	
רבא בר ירמיה	
רבא בר ישמעאל	
רבא בר מחסיא	
רבא בר מרי	
רבא בר משרשיא	
רבא בר מתנה	
רבא בר נתן בר אמי	
רבא בר פפא	
רבא בר קיסי	
רבא בר קיסנא	
רבא בר רב אדא	
רבא בר רב הונא זוטי	
רבא בר רב חנן	
רבא בר רב חסדא	
רבא בר רב עזא	
רבא בר רב שילא	
רבא בר שאילנא	
רבא בר שאילתא	
רבא בר שבא	
רבא בר שירא	
רבא בר שמואל	
רבא בר שרשום	
רבא בר תחליפא	
רבא בריה דרב אויא	
רבא בריה דרב אחא בר הונא	
רבא בריה דרב אידי בר אבין	
רבא בריה דרב עילאי	
רבא בריה דרבה	
רבא בריה דרבה בר רב הונא	
רבא זעירא	
רבא מברניש	
רבא מפרזקיא	
רב רבאי דמן רוב	
רבה	
רבה בר אבוה	
רבה בר אהיליי	
רבה בר איבו	
רבה בר איסי	
רבה בר איתא	
רבה בר איתי	
רבה בר בר חנא	
רבה בר בר חנן	
רבה בר ברונא	
רבה בר זבדא	
רבה בר זוטרא	
רבה בר חייא קטוספאה	
רבה בר חיננא סבא	
רבה בר חנה	
רבה בר חנינא	
רבה בר טוביה בר יצחק	
רבה בר יונתן	
רבה בר יוסף	
רבה בר יוסף בר חמא	
רבה בר ירמיה	
רבה בר ליואי	
רבה בר לימא	
רבה בר ממל	
רבה בר מרי	
רבה בר מריון	
רבה בר מתנה	
רבה בר נחמני	
רבה בר נתן	
רבה בר עולא	
רבה בר עופרן	
רבה בר עשבי	
רבה בר קיריא	
רבה בר רב הונא	
רבה בר רב הונא זוטא מנהרדעא	
רבה בר רב יצחק	
רבה בר רב כהנא	
רבה בר רב שילא	
רבה בר שאילתא	
רבה בר שילא	
'רבה בר שימי א	
'רבה בר שימי ב	
רבה בר שמואל	
רבה בר תחליפא	
רבה בריה דרבא	
רבה דבי רב שילא	
רבה זוטי	
רבה מקובי	
רבה ריחומי	
רבה תוספתא	
רבי	
רביא בר קיסי	
רבין	
רבין בר אבא	
רבין בר חיננא	
רבין בר חנינא	
רבין בר כהנא	
רבין בר ממל	
רבין בר קיסי	
רבין בר רב אדא	
רבין בר רב חסדא	
רבין בר שבא	
רבין בר שמואל	
רבין בריה דרב נחמן	
רבין דמן נרש	
רבין חסידא	
'רבין סבא א	
'רבין סבא ב	
רבין תבלא	
רבינא	
רבינא בר אבינא	
רבינא בר ירמיה	
רבינא בר סילא	
רבינא בר סיסי	
רבינא בר קיסי	
רבינא בר שילא	
רבינא בריה דר' עולא	
רבינא זוטי	
רבינא מפרזקיא	
רבינו הקדוש	
רבמי	
רבנא אשי	
רבנא נחמיה	
רבנא נחמיה אחוה דריש גלותא	
רבנא נחמיה בן ברתא דרב	
רבנא עוקבא	
רבנא עוקבא בר ברתיה דרב	
רבנא עוקבא ורבנא נחמיה בני ברתיה דרב	
רבנאי	
רבנאי אחוה דר' חייא בר אבא	
רבנאי חוזאי	
רבסי	
רבי רדיפה	
רובין	
רבי רומנוס	
רחבא	
רחבא דפומבדיתא	
ר' רחומאי	
'רב רחומי א	
'רב רחומי ב	
'רב רחומי ג	
רב רחומי מבירתא דשחורי	
ר' רימון	
ריש לקיש	
רכיש בר פפא	
'רמי בר אבא א	
'רמי בר אבא ב	
רמי בר אבא חמוה דרב אשי	
רמי בר אבין	
רמי בר ברבי	
רמי בר ברוכי	
רמי בר דיקולי	
רמי בר חמא	
רמי בר יחזקל	
רמי בר פפא	
רמי בר רב	
רמי בר רב יוד	
רמי בר רב יודא	
רמי בר שמואל	
רמי בר תמרי	
רמי בריה דרב ייבא	
רפרם	
'רפרם בר פפא א	
'רפרם בר פפא ב	
רפרם בר פפא מסיכרא	
רפרם מסיכרא	
רבי שאול	
ר' שאול דנוה	
רב שבא	
שבור מלכא	
שבנא אחי הלל	
שבנא איש ירושלים	
ר' שבתאי	
ר' שבתי	
שבתי בריה דר' מרינוס	
שובחה	
ר' שובתי	
ר' שובתי הצדוקי	
ר' שובתיי	
שוקד	
שיבחה ברי	
רב שיזבי	
רב שייא	
רבי שיין	
שילא	
רב שילא	
רבי שילא	
רבי שילא איש כפר תמריתא	
רב שילא איש כפר תמרתה	
רב שילא בר אבינא	
שילא בר בריה דרב אחא	
ר' שילא בר יצחק	
שילא בר מרי	
ר' שילא דינוה	
ר' שילא דכפר תמרתא	
שילא מרי	
רבי שילא משלנייא	
ר' שילה דנוהא	
ר' שימי	
רב שימי בר אבא	
רב שימי בר אביי	
רב שימי בר אדא	
רב שימי בר אשי	
רב שימי בר זירי	
רב שימי בר חזקיה	
שימי בר חייא בר רב	
רב שימי בר עוקבא	
רב שימי מבירתא דשיחורי	
רב שימי מחוזנאה	
רב שימי מנהרדעא	
רב שיננא בריה דרב אידי	
רב שישא בריה דרב אידי בר אבין	
שכחת	
שכחת ברי	
ר' שלום	
ר' שלום בר מניומי	
רב שלמון	
ר' שלמוני	
רב שלמן	
שלמן בר לוי	
רב שלמן מבי כלוחית	
שמאי	
ר' שמאי	
שמואל	
ר' שמואל	
ר' שמואל אחוה דר' פנחס בר חייא	
ר' שמואל אחוי דרב	
ר' שמואל אחוי דר' אושעיא	
ר' שמואל אחוי דר' ברכיה	
ר' שמואל בן אלעזר	
רבי שמואל בן יהוצדק	
ר' שמואל בן סיסרטא	
רבי שמואל בר אבא	
רב שמואל בר אבא מהגרוניא	
ר' שמואל בר אבדומי	
ר' שמואל בר אבין	
רב שמואל בר אוניא	
רב שמואל בר אחא	
רב שמואל בר אחיתאי	
רב שמואל בר איביה	
רב שמואל בר אידי	
רב שמואל בר אינא	
רב שמואל בר איניא	
רב שמואל בר אמי	
שמואל בר בונא	
ר' שמואל בר בידרי	
רב שמואל בר ביסנא	
רב שמואל בר בר חנה	
ר' שמואל בר ברכיה	
ר' שמואל בר גדליה	
ר' שמואל בר גוריא	
רב שמואל בר זוטרא	
ר' שמואל בר זעירא	
רב שמואל בר חובה	
רב שמואל בר חייא	
רבי שמואל בר חייא בר יהודה	
רבי שמואל בר חלף	
רבי שמואל בר חלפתא	
ר' שמואל בר חנא	
ר' שמואל בר חנינא	
רב שמואל בר חתאי	
רב שמואל בר יהודה	
רב שמואל בר יונה	
רבי שמואל בר יוסי	
רב שמואל בר ייבא	
ר' שמואל בר ינא	
ר' שמואל בר ינאי	
רב שמואל בר יעקב	
רב שמואל בר יצחק	
רבי שמואל בר כהנא	
רב שמואל בר מינא	
רב שמואל בר מרתא	
רבי שמואל בר נדב	
רבי שמואל בר נחום	
רבי שמואל בר נחמני	
ר' שמואל בר נפחא	
ר' שמואל בר נתן	
רב שמואל בר סוטר	
רב שמואל בר סוסרטאי	
רבי שמואל בר סוסרטיי	
ר' שמואל בר סימון	
רב שמואל בר סיסרטיי	
רב שמואל בר ססרטאי	
רב שמואל בר ססרטי	
ר' שמואל בר פוניא	
רב שמואל בר פפא	
רב שמואל בר רב קטינא	
רב שמואל בר שבא	
רב שמואל בר שילת	
רב שמואל בר שימי	
ר' שמואל בר תנחום	
ר' שמואל בריבי	
רב שמואל בריה דרב אבהו	
רב שמואל בריה דרב איקא	
רב שמואל בריה דרבה בר בר חנא	
רבי שמואל בר' יוסי בר בון	
ר' שמואל דסופפתא	
שמואל הזקן	
שמואל הקטן	
ר' שמואל חתניה דר' חנינא חברון דרבנן	
שמואל ירחינאה	
ר' שמואל כוזית	
רב שמואל מדיפתא	
רב שמואל מזרוקיניא	
רב שמואל מתואך	
שמואל סבא חתניה דרבי חנינא	
ר' שמואל פרגריטא	
רב שמואל קפודקיא	
ר' שמי	
רבי שמלאי	
ר' שמלאי	
ר' שמלאי דבירא	
רב שמן	
רב שמן בר אבא	
ר' שמן בר רב יצחק	
רבי שמעון	
שמעון אחי עזריה	
ר' שמעון אחיה דר' ברכיה	
שמעון איש המצפה	
שמעון איש קטרון	
שמעון אפרתי	
רבי שמעון בולוטה	
שמעון בן אבטולמוס	
רבי שמעון בן אבישלום	
רבי שמעון בן איסי בן לקוניא	
רבי שמעון בן אליקים	
רבי שמעון בן אלעזר	
שמעון בן אנטיפרס	
רבי שמעון בן בתירא	
שמעון בן גודא	
שמעון בן גודע	
רבן שמעון בן גמליאל	
רבן שמעון בן הלל הזקן	
רבי שמעון בן הסגן	
שמעון בן זומא	
ר' שמעון בן זירא	
רבי שמעון בן זירוז	
ר' שמעון בן זכריה	
רבי שמעון בן חלפתא	
רבי שמעון בן חנניה	
שמעון בן טרפון	
רבי שמעון בן יאסיניה	
רבי שמעון בן יהודה	
רבי שמעון בן יהודה איש כפר עכו	
'רבי שמעון בן יהוצדק א	
'רבי שמעון בן יהוצדק ב	
רבי שמעון בן יוחאי	
רבי שמעון בן יוסי	
רבי שמעון בן יוסינא	
רבי שמעון בן יעקב דמן צור	
רבי שמעון בן יקים	
שמעון בן לגס	
שמעון בן לוגא	
רבי שמעון בן לוי	
רבי שמעון בן לקיש	
רבי שמעון בן מנסיא	
שמעון בן נזירא	
רבי שמעון בן ננס	
רבי שמעון בן נתנאל	
שמעון בן עזאי	
ר' שמעון בן עקשיה	
רבי שמעון בן פזי	
רבי שמעון בן קיסמא	
ר' שמעון בן רבי עקיבא	
שמעון בן שטח	
ר' שמעון בן שקפא	
רבי שמעון בן תחליפא	
רבי שמעון בנו של רבי יוחנן בן ברוקא	
רבי שמעון בר אבא	
רבי שמעון בר אחא	
רבי שמעון בר אמי	
ר' שמעון בר בא	
ר' שמעון בר ביסנא	
רבי שמעון בר ברסנה	
ר' שמעון בר הלל	
שמעון בר ווא	
רבי שמעון בר זביד	
רבי שמעון בר זירוד	
שמעון בר חוטא	
שמעון בר חייא	
ר' שמעון בר חנן	
רבי שמעון בר יוסי בן לקוניא	
רבי שמעון בר ינאי	
ר' שמעון בר ישמעאל	
רבי שמעון בר כהנא	
רבי שמעון בר כרסנא	
ר' שמעון בר מיישא	
שמעון בר נרשייא	
ר' שמעון בר סימון	
רבי שמעון בר סני	
רבי שמעון בר רב יצחק	
רבי שמעון בר רבי	
רבי שמעון בריה דרבי אייבו	
ר' שמעון בריה דר' אבהו	
ר' שמעון בר' אלעזר בן פרטא	
ר' שמעון דיינא	
ר' שמעון דתוספתא	
רבי שמעון החסיד	
רבי שמעון המחוזי	
רבי שמעון הנשיא	
שמעון העמסוני	
שמעון הפקולי	
שמעון הצדיק	
ר' שמעון השילוני	
שמעון השקמוני	
שמעון התימני	
ר' שמעון חסידא	
רבי שמעון יאסיניא	
ר' שמעון לודייא	
שמעון נזירא	
שמעון סיכנא איש עוצה	
ר' שמעון ספרא דטרכנס	
שמעון קמטריא	
רבי שמעון שזורי	
שמעיה	
שמעיה איש כפר עותני	
'רב שמעיה א	
רב שמעיה בקלנב	
רב שמעיה בר זירא	
רב שמעיה בר זעירא	
'רב שמעיה ב	
ר' שמעיה חסידא	
רב שעורים	
רבי שפטיה	
שפיפון בן ליש	
רב שפיר	
שקוד	
רב שרביה	
ר' ששא בנו של ר' אבא	
רב ששעה	
רב ששת	
רב ששת בריה דרב אידי	
רב ששת בריה דרב יהושע	
רב ששת מקטרזיא	
רבי תדאי	
תודוס איש רומי	
תודוס הרופא	
תודרוס הרופא	
תוטאי	
רב תחליפא	
רבי תחליפא	
רב תחליפא אבוה דרב הונא בר תחליפא	
רב תחליפא אחוה דרבנאי חוזאה	
רב תחליפא בר אבדימי	
רב תחליפא בר אבודימי	
רב תחליפא בר אבינא	
רב תחליפא בר אימי	
רב תחליפא בר אמיבי	
רב תחליפא בר בר חנא	
רב תחליפא בר גזא	
רב תחליפא בר גיזא	
ר' תחליפא בר יעקב	
רב תחליפא בר מערבא	
ר' תחליפא בר קרויה	
רב תחליפא בר רב חסדא	
רב תחליפא בר שאול	
ר' תחליפא חמיו דר' אבהו	
ר' תחליפא חמיו דר' אחא	
רב תחליפא ממערבא	
ר' תחליפא קיסריא	
ר' תחנא	
ר' תימא בר פפייס	
תנא דבי אליהו	
רבי תנחום	
ר' תנחום אדרייא	
ר' תנחום איסבולסטיקא	
ר' תנחום בוצרייא	
ר' תנחום בר אחא	
רבי תנחום בר חייא	
ר' תנחום בר חכינאי	
ר' תנחום בר חמא	
רבי תנחום בר חנילאי	
ר' תנחום בר חנינא	
ר' תנחום בר יודן	
ר' תנחום בר יוסי	
ר' תנחום בר ירמיה	
ר' תנחום בר מרי	
ר' תנחום בר מריון	
ר' תנחום בר עילאי	
ר' תנחום בר פפא	
"ר' תנחום ברבי חתניה דר' שמלאי	"
רבי תנחום בריה דר' חייא	
ר' תנחום דכפר גון	
ר' תנחום דמן יפו	
ר' תנחום דמן נוי	
ר' תנחום דמן פרוד	
"ר' תנחום חתניה דר""א בר אבינא	"
רבי תנחומא	
ר' תנחומא אדרעיה	
ר' תנחומא בי ר' יונה מבצוצרא	
ר' תנחומא בי ר' יונה ממצוצרא	
ר' תנחומא בי ר' מנחם בר יעקב	
ר' תפדאי	
ר' תפדיי